txn_id,customer_id,matter_id,matter_type,txn_date,txn_type,amount_aud,description,unrelated_third_party,counterparty_country
TXN-100055,CUST-10009,MTR-10009-8,Nominee Shareholder Arrangement,2025-03-31,Withdrawal,1634.03,Trust disbursement - settlement,False,Canada
TXN-101945,CUST-10329,MTR-10329-2,Residential Conveyancing,2025-03-31,Deposit,246540.04,Trust receipt - client funds,False,Germany
TXN-100375,CUST-10060,MTR-10060-7,Business Sale & Purchase,2025-03-31,Withdrawal,509858.01,Trust disbursement - settlement,False,Australia
TXN-102144,CUST-10361,MTR-10361-4,Estate Administration,2025-04-01,Withdrawal,8806.95,Trust disbursement - settlement,False,Australia
TXN-100508,CUST-10083,MTR-10083-8,Business Sale & Purchase,2025-04-03,Deposit,1186478.0,Trust receipt - client funds,False,Cambodia
TXN-101078,CUST-10174,MTR-10174-4,Nominee Shareholder Arrangement,2025-04-04,Deposit,5644.67,Trust receipt - client funds,False,United Arab Emirates
TXN-100617,CUST-10101,MTR-10101-9,Commercial Conveyancing,2025-04-05,Deposit,144108.68,Trust receipt - client funds,False,United Kingdom
TXN-102463,CUST-10416,MTR-10416-2,Commercial Conveyancing,2025-04-05,Deposit,394934.89,Trust receipt - client funds,False,Germany
TXN-101507,CUST-10251,MTR-10251-3,Company Formation,2025-04-06,Deposit,9657.04,Trust receipt - client funds,False,Singapore
TXN-100118,CUST-10020,MTR-10020-9,Commercial Conveyancing,2025-04-08,Deposit,149495.3,Trust receipt - client funds,False,New Zealand
TXN-101407,CUST-10231,MTR-10231-8,Company Formation,2025-04-08,Deposit,606.11,Trust receipt - client funds,False,Singapore
TXN-101870,CUST-10314,MTR-10314-9,Residential Conveyancing,2025-04-09,Deposit,418261.32,Trust receipt - client funds,False,New Zealand
TXN-102149,CUST-10362,MTR-10362-7,Business Sale & Purchase,2025-04-10,Withdrawal,40853.99,Trust disbursement - settlement,False,United Kingdom
TXN-100468,CUST-10078,MTR-10078-4,Nominee Director Arrangement,2025-04-10,Withdrawal,5624.73,Trust disbursement - settlement,False,Japan
TXN-101234,CUST-10203,MTR-10203-7,Estate Administration,2025-04-10,Withdrawal,14793.04,Trust disbursement - settlement,False,Japan
TXN-100623,CUST-10102,MTR-10102-1,Estate Administration,2025-04-12,Withdrawal,14092.65,Trust disbursement - settlement,False,New Zealand
TXN-102251,CUST-10378,MTR-10378-7,Commercial Conveyancing,2025-04-13,Deposit,2696911.12,Trust receipt - client funds,False,Germany
TXN-101703,CUST-10286,MTR-10286-8,Commercial Conveyancing,2025-04-13,Deposit,144713.26,Trust receipt - client funds,False,Canada
TXN-100539,CUST-10088,MTR-10088-3,Nominee Director Arrangement,2025-04-14,Deposit,4935.74,Trust receipt - client funds,False,Cambodia
TXN-102391,CUST-10404,MTR-10404-3,Nominee Shareholder Arrangement,2025-04-16,Withdrawal,6050.25,Trust disbursement - settlement,False,Germany
TXN-102152,CUST-10362,MTR-10362-7,Business Sale & Purchase,2025-04-16,Deposit,850494.65,Trust receipt - client funds,False,United Kingdom
TXN-102230,CUST-10374,MTR-10374-4,Commercial Conveyancing,2025-04-17,Deposit,146651.79,Trust receipt - client funds,False,Germany
TXN-100114,CUST-10019,MTR-10019-3,Nominee Shareholder Arrangement,2025-04-18,Deposit,1395.36,Trust receipt - client funds,False,United States
TXN-101141,CUST-10186,MTR-10186-1,Nominee Director Arrangement,2025-04-18,Deposit,857.67,Trust receipt - client funds,False,United Kingdom
TXN-100894,CUST-10147,MTR-10147-3,Nominee Shareholder Arrangement,2025-04-20,Deposit,2786.31,Trust receipt - client funds,False,Canada
TXN-100973,CUST-10159,MTR-10159-3,Residential Conveyancing,2025-04-21,Withdrawal,132011.58,Trust disbursement - settlement,False,New Zealand
TXN-100671,CUST-10111,MTR-10111-8,Nominee Director Arrangement,2025-04-21,Deposit,7359.71,Trust receipt - client funds,False,Japan
TXN-102119,CUST-10358,MTR-10358-9,Nominee Director Arrangement,2025-04-22,Deposit,6019.08,Trust receipt - client funds,False,New Zealand
TXN-100668,CUST-10111,MTR-10111-8,Nominee Director Arrangement,2025-04-23,Deposit,3527.69,Trust receipt - client funds,False,Japan
TXN-100629,CUST-10103,MTR-10103-4,Nominee Shareholder Arrangement,2025-04-24,Withdrawal,1398.77,Trust disbursement - settlement,False,Germany
TXN-102288,CUST-10387,MTR-10387-3,Commercial Conveyancing,2025-04-24,Withdrawal,1244144.22,Trust disbursement - settlement,False,Japan
TXN-101082,CUST-10175,MTR-10175-8,Company Formation,2025-04-26,Deposit,5671.3,Trust receipt - client funds,False,United States
TXN-101820,CUST-10305,MTR-10305-3,Company Formation,2025-04-26,Withdrawal,3894.53,Trust disbursement - settlement,False,United Kingdom
TXN-101818,CUST-10304,MTR-10304-6,Trust Establishment,2025-04-26,Deposit,36930.32,Trust receipt - client funds,False,Japan
TXN-100429,CUST-10072,MTR-10072-5,Nominee Shareholder Arrangement,2025-04-27,Deposit,1625.47,Trust receipt - client funds,False,United Kingdom
TXN-100885,CUST-10145,MTR-10145-3,Debt Financing Transaction,2025-04-27,Withdrawal,185488.68,Trust disbursement - settlement,False,Japan
TXN-101624,CUST-10272,MTR-10272-5,Residential Conveyancing,2025-04-28,Withdrawal,16933.11,Trust disbursement - settlement,False,Germany
TXN-101164,CUST-10190,MTR-10190-8,Trust Establishment,2025-04-28,Deposit,4497.53,Trust receipt - client funds,False,Singapore
TXN-100750,CUST-10124,MTR-10124-4,Estate Administration,2025-04-29,Deposit,74061.29,Trust receipt - client funds,False,Germany
TXN-101588,CUST-10267,MTR-10267-7,Company Formation,2025-04-30,Deposit,4171.71,Trust receipt - client funds,False,Germany
TXN-101512,CUST-10251,MTR-10251-3,Company Formation,2025-04-30,Deposit,744.89,Trust receipt - client funds,False,Singapore
TXN-102305,CUST-10389,MTR-10389-2,Nominee Director Arrangement,2025-05-02,Deposit,1905.81,Trust receipt - client funds,False,New Zealand
TXN-102037,CUST-10343,MTR-10343-6,Nominee Shareholder Arrangement,2025-05-05,Deposit,2454.56,Trust receipt - client funds,False,New Zealand
TXN-100694,CUST-10113,MTR-10113-5,Trust Establishment,2025-05-05,Withdrawal,5234.0,Trust disbursement - settlement,False,United Kingdom
TXN-101941,CUST-10329,MTR-10329-2,Residential Conveyancing,2025-05-05,Deposit,25683.36,Trust receipt - client funds,False,Germany
TXN-100239,CUST-10038,MTR-10038-6,Trust Establishment,2025-05-06,Deposit,4009.75,Trust receipt - client funds,False,New Zealand
TXN-100535,CUST-10087,MTR-10087-9,Trust Establishment,2025-05-07,Withdrawal,18946.3,Trust disbursement - settlement,False,Germany
TXN-101708,CUST-10287,MTR-10287-4,Nominee Shareholder Arrangement,2025-05-08,Deposit,808.87,Trust receipt - client funds,False,Yemen
TXN-102290,CUST-10387,MTR-10387-3,Commercial Conveyancing,2025-05-08,Deposit,381940.0,Trust receipt - client funds,False,Japan
TXN-100412,CUST-10069,MTR-10069-1,Residential Conveyancing,2025-05-08,Withdrawal,22410.14,Trust disbursement - settlement,False,Cambodia
TXN-100895,CUST-10147,MTR-10147-3,Nominee Shareholder Arrangement,2025-05-08,Deposit,1339.76,Trust receipt - client funds,False,Canada
TXN-100618,CUST-10102,MTR-10102-1,Estate Administration,2025-05-11,Withdrawal,209394.85,Trust disbursement - settlement,False,New Zealand
TXN-101212,CUST-10198,MTR-10198-8,Commercial Conveyancing,2025-05-12,Deposit,1266089.96,Trust receipt - client funds,False,Democratic Republic of Congo
TXN-102018,CUST-10340,MTR-10340-4,Nominee Shareholder Arrangement,2025-05-13,Withdrawal,571.75,Trust disbursement - settlement,False,Australia
TXN-100115,CUST-10020,MTR-10020-9,Commercial Conveyancing,2025-05-14,Deposit,331161.35,Trust receipt - client funds,False,New Zealand
TXN-101308,CUST-10216,MTR-10216-1,Estate Administration,2025-05-15,Deposit,94057.05,Trust receipt - client funds,False,Japan
TXN-100538,CUST-10087,MTR-10087-9,Trust Establishment,2025-05-16,Deposit,24516.44,Trust receipt - client funds,False,Germany
TXN-100272,CUST-10042,MTR-10042-4,Company Formation,2025-05-17,Withdrawal,4311.02,Trust disbursement - settlement,False,New Zealand
TXN-101205,CUST-10197,MTR-10197-2,Nominee Shareholder Arrangement,2025-05-17,Withdrawal,3619.55,Trust disbursement - settlement,False,Germany
TXN-101946,CUST-10329,MTR-10329-2,Residential Conveyancing,2025-05-17,Withdrawal,253800.68,Trust disbursement - settlement,False,Germany
TXN-100909,CUST-10148,MTR-10148-4,Debt Financing Transaction,2025-05-18,Deposit,253626.84,Trust receipt - client funds,False,United Kingdom
TXN-100883,CUST-10144,MTR-10144-6,Nominee Shareholder Arrangement,2025-05-18,Withdrawal,7820.39,Trust disbursement - settlement,False,Yemen
TXN-100453,CUST-10076,MTR-10076-3,Debt Financing Transaction,2025-05-19,Deposit,131562.69,Trust receipt - client funds,False,Australia
TXN-101018,CUST-10165,MTR-10165-3,Nominee Director Arrangement,2025-05-20,Deposit,1161.34,Trust receipt - client funds,False,Canada
TXN-100540,CUST-10088,MTR-10088-3,Nominee Director Arrangement,2025-05-21,Withdrawal,714.73,Trust disbursement - settlement,False,Cambodia
TXN-102082,CUST-10351,MTR-10351-3,Estate Administration,2025-05-22,Deposit,109170.96,Trust receipt - client funds,False,Japan
TXN-100215,CUST-10034,MTR-10034-9,Debt Financing Transaction,2025-05-22,Deposit,77135.47,Trust receipt - client funds,False,New Zealand
TXN-101033,CUST-10167,MTR-10167-4,Company Formation,2025-05-22,Deposit,8396.27,Trust receipt - client funds,False,Panama
TXN-102023,CUST-10341,MTR-10341-3,Debt Financing Transaction,2025-05-22,Deposit,98876.3,Trust receipt - client funds,False,Australia
TXN-102142,CUST-10360,MTR-10360-5,Commercial Conveyancing,2025-05-22,Withdrawal,1813976.82,Trust disbursement - settlement,False,Canada
TXN-101432,CUST-10236,MTR-10236-1,Company Formation,2025-05-23,Withdrawal,6122.4,Trust disbursement - settlement,False,Cambodia
TXN-102092,CUST-10353,MTR-10353-4,Residential Conveyancing,2025-05-23,Withdrawal,15396.62,Trust disbursement - settlement,False,Germany
TXN-100387,CUST-10062,MTR-10062-9,Company Formation,2025-05-24,Deposit,910.99,Trust receipt - client funds,False,Canada
TXN-101533,CUST-10255,MTR-10255-5,Trust Establishment,2025-05-24,Withdrawal,4948.21,Trust disbursement - settlement,False,Democratic People's Republic of Korea
TXN-100196,CUST-10031,MTR-10031-7,Commercial Conveyancing,2025-05-25,Withdrawal,98924.21,Trust disbursement - settlement,False,Democratic People's Republic of Korea
TXN-102355,CUST-10397,MTR-10397-7,Debt Financing Transaction,2025-05-25,Deposit,52263.63,Trust receipt - client funds,False,Canada
TXN-100446,CUST-10075,MTR-10075-6,Estate Administration,2025-05-25,Withdrawal,11857.26,Trust disbursement - settlement,False,United States
TXN-101461,CUST-10242,MTR-10242-2,Company Formation,2025-05-27,Withdrawal,3119.98,Trust disbursement - settlement,False,Japan
TXN-100889,CUST-10145,MTR-10145-3,Debt Financing Transaction,2025-05-27,Withdrawal,828176.41,Trust disbursement - settlement,False,Japan
TXN-100074,CUST-10012,MTR-10012-3,Estate Administration,2025-05-27,Withdrawal,133349.67,Trust disbursement - settlement,False,United Kingdom
TXN-100707,CUST-10115,MTR-10115-8,Business Sale & Purchase,2025-05-27,Deposit,301222.36,Trust receipt - client funds,False,Cambodia
TXN-100233,CUST-10037,MTR-10037-6,Trust Establishment,2025-05-27,Withdrawal,12502.03,Trust disbursement - settlement,False,Singapore
TXN-101554,CUST-10260,MTR-10260-9,Estate Administration,2025-05-27,Deposit,17523.45,Trust receipt - client funds,False,United Arab Emirates
TXN-102148,CUST-10362,MTR-10362-7,Business Sale & Purchase,2025-05-28,Withdrawal,202214.09,Trust disbursement - settlement,False,United Kingdom
TXN-101351,CUST-10222,MTR-10222-5,Nominee Director Arrangement,2025-05-29,Deposit,1586.96,Trust receipt - client funds,False,Vanuatu
TXN-100947,CUST-10155,MTR-10155-1,Nominee Shareholder Arrangement,2025-05-29,Deposit,7402.54,Trust receipt - client funds,False,Singapore
TXN-101349,CUST-10222,MTR-10222-5,Nominee Director Arrangement,2025-05-30,Withdrawal,4176.19,Trust disbursement - settlement,False,Vanuatu
TXN-100116,CUST-10020,MTR-10020-9,Commercial Conveyancing,2025-05-31,Deposit,1847829.92,Trust receipt - client funds,False,New Zealand
TXN-101629,CUST-10272,MTR-10272-5,Residential Conveyancing,2025-05-31,Withdrawal,459028.83,Trust disbursement - settlement,False,Germany
TXN-101705,CUST-10287,MTR-10287-4,Nominee Shareholder Arrangement,2025-05-31,Deposit,3193118.24,Trust receipt - client funds,False,Yemen
TXN-100232,CUST-10037,MTR-10037-6,Trust Establishment,2025-05-31,Deposit,20125.58,Trust receipt - client funds,False,Singapore
TXN-102432,CUST-10412,MTR-10412-5,Estate Administration,2025-06-01,Withdrawal,33843.43,Trust disbursement - settlement,False,United Kingdom
TXN-100373,CUST-10060,MTR-10060-7,Business Sale & Purchase,2025-06-01,Deposit,299758.24,Trust receipt - client funds,False,Australia
TXN-102122,CUST-10358,MTR-10358-9,Nominee Director Arrangement,2025-06-01,Withdrawal,733.31,Trust disbursement - settlement,False,New Zealand
TXN-100857,CUST-10141,MTR-10141-8,Business Sale & Purchase,2025-06-01,Withdrawal,114738.53,Trust disbursement - settlement,False,Japan
TXN-102372,CUST-10401,MTR-10401-2,Commercial Conveyancing,2025-06-02,Deposit,1352766.0,Trust receipt - client funds,False,Cyprus
TXN-100457,CUST-10076,MTR-10076-3,Debt Financing Transaction,2025-06-03,Deposit,452010.01,Trust receipt - client funds,False,Australia
TXN-100248,CUST-10039,MTR-10039-3,Nominee Shareholder Arrangement,2025-06-03,Deposit,2332.26,Trust receipt - client funds,False,New Zealand
TXN-100672,CUST-10111,MTR-10111-8,Nominee Director Arrangement,2025-06-03,Deposit,648.69,Trust receipt - client funds,False,Japan
TXN-100543,CUST-10088,MTR-10088-3,Nominee Director Arrangement,2025-06-04,Withdrawal,780.81,Trust disbursement - settlement,False,Cambodia
TXN-100243,CUST-10038,MTR-10038-6,Trust Establishment,2025-06-05,Deposit,8950.21,Trust receipt - client funds,False,New Zealand
TXN-101525,CUST-10254,MTR-10254-9,Nominee Director Arrangement,2025-06-05,Deposit,4640.08,Trust receipt - client funds,False,Australia
TXN-101239,CUST-10204,MTR-10204-2,Estate Administration,2025-06-06,Withdrawal,15329.36,Trust disbursement - settlement,False,Cambodia
TXN-100661,CUST-10109,MTR-10109-8,Estate Administration,2025-06-06,Deposit,52336.18,Trust receipt - client funds,False,Canada
TXN-100105,CUST-10018,MTR-10018-5,Nominee Director Arrangement,2025-06-06,Deposit,1043.05,Trust receipt - client funds,False,Japan
TXN-100752,CUST-10124,MTR-10124-4,Estate Administration,2025-06-07,Withdrawal,319147.93,Trust disbursement - settlement,False,Germany
TXN-100647,CUST-10106,MTR-10106-1,Debt Financing Transaction,2025-06-07,Withdrawal,1789293.15,Trust disbursement - settlement,False,Singapore
TXN-101641,CUST-10275,MTR-10275-9,Estate Administration,2025-06-07,Withdrawal,31645.57,Trust disbursement - settlement,False,United Kingdom
TXN-100469,CUST-10078,MTR-10078-4,Nominee Director Arrangement,2025-06-08,Deposit,3807.65,Trust receipt - client funds,False,Japan
TXN-101700,CUST-10286,MTR-10286-8,Commercial Conveyancing,2025-06-08,Deposit,611056.42,Trust receipt - client funds,False,Canada
TXN-101618,CUST-10271,MTR-10271-1,Residential Conveyancing,2025-06-09,Deposit,18503.15,Trust receipt - client funds,False,Singapore
TXN-102062,CUST-10349,MTR-10349-9,Trust Establishment,2025-06-10,Withdrawal,25158.97,Trust disbursement - settlement,False,Myanmar
TXN-100507,CUST-10083,MTR-10083-8,Business Sale & Purchase,2025-06-10,Deposit,64548.68,Trust receipt - client funds,False,Cambodia
TXN-102311,CUST-10390,MTR-10390-5,Business Sale & Purchase,2025-06-11,Deposit,25096.75,Trust receipt - client funds,False,Germany
TXN-100398,CUST-10064,MTR-10064-6,Company Formation,2025-06-12,Withdrawal,10604.86,Trust disbursement - settlement,False,United States
TXN-100309,CUST-10050,MTR-10050-1,Commercial Conveyancing,2025-06-13,Deposit,144714.21,Trust receipt - client funds,False,Panama
TXN-101508,CUST-10251,MTR-10251-3,Company Formation,2025-06-14,Deposit,4282.06,Trust receipt - client funds,False,Singapore
TXN-102242,CUST-10377,MTR-10377-1,Nominee Director Arrangement,2025-06-14,Deposit,778.9,Trust receipt - client funds,False,Germany
TXN-102109,CUST-10355,MTR-10355-4,Business Sale & Purchase,2025-06-15,Withdrawal,310635.61,Trust disbursement - settlement,False,Japan
TXN-102021,CUST-10341,MTR-10341-3,Debt Financing Transaction,2025-06-15,Deposit,502689.83,Trust receipt - client funds,False,Australia
TXN-100315,CUST-10051,MTR-10051-1,Nominee Director Arrangement,2025-06-15,Withdrawal,5509.91,Trust disbursement - settlement,False,Panama
TXN-100907,CUST-10148,MTR-10148-4,Debt Financing Transaction,2025-06-16,Withdrawal,917019.32,Trust disbursement - settlement,False,United Kingdom
TXN-101080,CUST-10174,MTR-10174-4,Nominee Shareholder Arrangement,2025-06-17,Deposit,3504.08,Trust receipt - client funds,False,United Arab Emirates
TXN-100431,CUST-10072,MTR-10072-5,Nominee Shareholder Arrangement,2025-06-17,Withdrawal,1053.15,Trust disbursement - settlement,False,United Kingdom
TXN-100664,CUST-10110,MTR-10110-7,Commercial Conveyancing,2025-06-17,Deposit,2813636.81,Trust receipt - client funds,False,United Arab Emirates
TXN-101284,CUST-10212,MTR-10212-7,Estate Administration,2025-06-18,Deposit,132394.69,Trust receipt - client funds,False,United States
TXN-101238,CUST-10204,MTR-10204-2,Estate Administration,2025-06-19,Deposit,483017.98,Trust receipt - client funds,False,Cambodia
TXN-101138,CUST-10186,MTR-10186-1,Nominee Director Arrangement,2025-06-19,Withdrawal,1695.56,Trust disbursement - settlement,False,United Kingdom
TXN-102169,CUST-10364,MTR-10364-1,Trust Establishment,2025-06-19,Deposit,3815.23,Trust receipt - client funds,False,Cambodia
TXN-102292,CUST-10387,MTR-10387-3,Commercial Conveyancing,2025-06-19,Withdrawal,2776846.96,Trust disbursement - settlement,False,Japan
TXN-100415,CUST-10069,MTR-10069-1,Residential Conveyancing,2025-06-20,Deposit,474687.23,Trust receipt - client funds,False,Cambodia
TXN-101816,CUST-10304,MTR-10304-6,Trust Establishment,2025-06-20,Withdrawal,2727.46,Trust disbursement - settlement,False,Japan
TXN-100950,CUST-10155,MTR-10155-1,Nominee Shareholder Arrangement,2025-06-20,Withdrawal,686.05,Trust disbursement - settlement,False,Singapore
TXN-101774,CUST-10298,MTR-10298-7,Nominee Shareholder Arrangement,2025-06-21,Deposit,632.33,Trust receipt - client funds,False,Germany
TXN-101281,CUST-10212,MTR-10212-7,Estate Administration,2025-06-22,Deposit,6906.46,Trust receipt - client funds,False,United States
TXN-100430,CUST-10072,MTR-10072-5,Nominee Shareholder Arrangement,2025-06-23,Deposit,532.14,Trust receipt - client funds,False,United Kingdom
TXN-101962,CUST-10332,MTR-10332-6,Trust Establishment,2025-06-24,Withdrawal,3112.2,Trust disbursement - settlement,False,Japan
TXN-100715,CUST-10117,MTR-10117-9,Company Formation,2025-06-24,Deposit,1317.53,Trust receipt - client funds,False,Singapore
TXN-101132,CUST-10186,MTR-10186-1,Nominee Director Arrangement,2025-06-24,Deposit,2243.31,Trust receipt - client funds,False,United Kingdom
TXN-102202,CUST-10369,MTR-10369-2,Company Formation,2025-06-25,Withdrawal,749.82,Trust disbursement - settlement,False,Vanuatu
TXN-100840,CUST-10138,MTR-10138-8,Residential Conveyancing,2025-06-26,Deposit,19999.89,Trust receipt - client funds,False,Canada
TXN-101585,CUST-10266,MTR-10266-9,Nominee Director Arrangement,2025-06-26,Deposit,4392.23,Trust receipt - client funds,False,United States
TXN-100208,CUST-10033,MTR-10033-3,Business Sale & Purchase,2025-06-26,Deposit,1416442.77,Trust receipt - client funds,False,New Zealand
TXN-100609,CUST-10101,MTR-10101-9,Commercial Conveyancing,2025-06-27,Deposit,1630985.29,Trust receipt - client funds,False,United Kingdom
TXN-100716,CUST-10118,MTR-10118-8,Residential Conveyancing,2025-06-28,Withdrawal,24535.65,Trust disbursement - settlement,False,Canada
TXN-100724,CUST-10119,MTR-10119-6,Company Formation,2025-06-28,Deposit,12714.76,Trust receipt - client funds,False,United Kingdom
TXN-102384,CUST-10403,MTR-10403-6,Company Formation,2025-06-29,Withdrawal,13257.14,Trust disbursement - settlement,False,Germany
TXN-100269,CUST-10042,MTR-10042-4,Company Formation,2025-06-30,Withdrawal,14015.12,Trust disbursement - settlement,False,New Zealand
TXN-101347,CUST-10222,MTR-10222-5,Nominee Director Arrangement,2025-06-30,Deposit,554.89,Trust receipt - client funds,False,Vanuatu
TXN-101788,CUST-10299,MTR-10299-2,Trust Establishment,2025-06-30,Deposit,13966.18,Trust receipt - client funds,False,Japan
TXN-100626,CUST-10103,MTR-10103-4,Nominee Shareholder Arrangement,2025-07-01,Deposit,3919.93,Trust receipt - client funds,False,Germany
TXN-101322,CUST-10218,MTR-10218-8,Trust Establishment,2025-07-01,Withdrawal,18268.42,Trust disbursement - settlement,False,Cyprus
TXN-100512,CUST-10083,MTR-10083-8,Business Sale & Purchase,2025-07-01,Deposit,64284.43,Trust receipt - client funds,False,Cambodia
TXN-100958,CUST-10156,MTR-10156-2,Debt Financing Transaction,2025-07-01,Deposit,92161.76,Trust receipt - client funds,False,New Zealand
TXN-100419,CUST-10070,MTR-10070-9,Trust Establishment,2025-07-02,Withdrawal,1952.86,Trust disbursement - settlement,False,Germany
TXN-100310,CUST-10050,MTR-10050-1,Commercial Conveyancing,2025-07-03,Withdrawal,159214.11,Trust disbursement - settlement,False,Panama
TXN-102260,CUST-10380,MTR-10380-7,Company Formation,2025-07-03,Deposit,7814.12,Trust receipt - client funds,False,Canada
TXN-100417,CUST-10070,MTR-10070-9,Trust Establishment,2025-07-03,Deposit,2153.01,Trust receipt - client funds,False,Germany
TXN-101926,CUST-10325,MTR-10325-2,Estate Administration,2025-07-05,Withdrawal,286865.69,Trust disbursement - settlement,False,Cyprus
TXN-100711,CUST-10116,MTR-10116-9,Trust Establishment,2025-07-05,Deposit,2455.12,Trust receipt - client funds,False,Australia
TXN-101081,CUST-10175,MTR-10175-8,Company Formation,2025-07-05,Withdrawal,10955.23,Trust disbursement - settlement,False,United States
TXN-100552,CUST-10089,MTR-10089-9,Nominee Shareholder Arrangement,2025-07-05,Deposit,2888.83,Trust receipt - client funds,False,Cyprus
TXN-100071,CUST-10012,MTR-10012-3,Trust Establishment,2025-07-06,Deposit,5482809.64,Trust receipt - client funds,False,United Kingdom
TXN-100244,CUST-10039,MTR-10039-3,Nominee Shareholder Arrangement,2025-07-06,Withdrawal,5497.93,Trust disbursement - settlement,False,New Zealand
TXN-101858,CUST-10312,MTR-10312-4,Debt Financing Transaction,2025-07-07,Deposit,88211.84,Trust receipt - client funds,False,Germany
TXN-100104,CUST-10018,MTR-10018-5,Nominee Director Arrangement,2025-07-08,Deposit,1385.94,Trust receipt - client funds,False,Japan
TXN-100541,CUST-10088,MTR-10088-3,Nominee Director Arrangement,2025-07-08,Deposit,1266.17,Trust receipt - client funds,False,Cambodia
TXN-100304,CUST-10049,MTR-10049-9,Estate Administration,2025-07-09,Withdrawal,9698.36,Trust disbursement - settlement,False,United Arab Emirates
TXN-101565,CUST-10262,MTR-10262-2,Company Formation,2025-07-09,Deposit,1229.89,Trust receipt - client funds,False,Australia
TXN-101977,CUST-10334,MTR-10334-2,Company Formation,2025-07-09,Deposit,867.26,Trust receipt - client funds,False,Germany
TXN-100901,CUST-10147,MTR-10147-3,Nominee Shareholder Arrangement,2025-07-09,Withdrawal,598.5,Trust disbursement - settlement,False,Canada
TXN-100470,CUST-10078,MTR-10078-4,Nominee Director Arrangement,2025-07-09,Deposit,4679.14,Trust receipt - client funds,False,Japan
TXN-100621,CUST-10102,MTR-10102-1,Estate Administration,2025-07-09,Deposit,789576.51,Trust receipt - client funds,False,New Zealand
TXN-102389,CUST-10404,MTR-10404-3,Nominee Shareholder Arrangement,2025-07-10,Withdrawal,5733.24,Trust disbursement - settlement,False,Germany
TXN-101352,CUST-10222,MTR-10222-5,Nominee Director Arrangement,2025-07-10,Deposit,2128.8,Trust receipt - client funds,False,Vanuatu
TXN-100902,CUST-10147,MTR-10147-3,Nominee Shareholder Arrangement,2025-07-11,Withdrawal,2496.55,Trust disbursement - settlement,False,Canada
TXN-101832,CUST-10306,MTR-10306-2,Trust Establishment,2025-07-11,Withdrawal,1063.12,Trust disbursement - settlement,False,Singapore
TXN-102095,CUST-10353,MTR-10353-4,Residential Conveyancing,2025-07-12,Deposit,291138.95,Trust receipt - client funds,False,Germany
TXN-101486,CUST-10246,MTR-10246-3,Business Sale & Purchase,2025-07-12,Deposit,196148.79,Trust receipt - client funds,False,Australia
TXN-101211,CUST-10198,MTR-10198-8,Commercial Conveyancing,2025-07-13,Withdrawal,97753.69,Trust disbursement - settlement,False,Democratic Republic of Congo
TXN-101573,CUST-10263,MTR-10263-5,Residential Conveyancing,2025-07-13,Withdrawal,40072.4,Trust disbursement - settlement,False,United Arab Emirates
TXN-102431,CUST-10412,MTR-10412-5,Estate Administration,2025-07-13,Deposit,6103.44,Trust receipt - client funds,False,United Kingdom
TXN-100418,CUST-10070,MTR-10070-9,Trust Establishment,2025-07-13,Deposit,1102.82,Trust receipt - client funds,False,Germany
TXN-102074,CUST-10350,MTR-10350-7,Residential Conveyancing,2025-07-14,Withdrawal,838162.85,Trust disbursement - settlement,False,United Kingdom
TXN-102254,CUST-10379,MTR-10379-1,Nominee Director Arrangement,2025-07-14,Deposit,4152.74,Trust receipt - client funds,False,Democratic Republic of Congo
TXN-100548,CUST-10089,MTR-10089-9,Nominee Shareholder Arrangement,2025-07-14,Deposit,4124.19,Trust receipt - client funds,False,Cyprus
TXN-102390,CUST-10404,MTR-10404-3,Nominee Shareholder Arrangement,2025-07-15,Deposit,3020.38,Trust receipt - client funds,False,Germany
TXN-102208,CUST-10370,MTR-10370-3,Nominee Director Arrangement,2025-07-15,Deposit,1481.69,Trust receipt - client funds,False,United States
TXN-101208,CUST-10197,MTR-10197-2,Nominee Shareholder Arrangement,2025-07-15,Withdrawal,2313.38,Trust disbursement - settlement,False,Germany
TXN-102307,CUST-10389,MTR-10389-2,Nominee Director Arrangement,2025-07-15,Deposit,7306.02,Trust receipt - client funds,False,New Zealand
TXN-100861,CUST-10141,MTR-10141-8,Business Sale & Purchase,2025-07-15,Withdrawal,1188150.59,Trust disbursement - settlement,False,Japan
TXN-101500,CUST-10248,MTR-10248-5,Trust Establishment,2025-07-16,Deposit,26742.62,Trust receipt - client funds,False,New Zealand
TXN-101979,CUST-10334,MTR-10334-2,Company Formation,2025-07-16,Withdrawal,14885.62,Trust disbursement - settlement,False,Germany
TXN-102153,CUST-10362,MTR-10362-7,Business Sale & Purchase,2025-07-17,Withdrawal,43861.17,Trust disbursement - settlement,False,United Kingdom
TXN-101084,CUST-10175,MTR-10175-8,Company Formation,2025-07-17,Withdrawal,1432.03,Trust disbursement - settlement,False,United States
TXN-101140,CUST-10186,MTR-10186-1,Nominee Director Arrangement,2025-07-17,Deposit,1026.22,Trust receipt - client funds,False,United Kingdom
TXN-102241,CUST-10377,MTR-10377-1,Nominee Director Arrangement,2025-07-17,Withdrawal,2262.98,Trust disbursement - settlement,False,Germany
TXN-101320,CUST-10217,MTR-10217-8,Nominee Shareholder Arrangement,2025-07-17,Withdrawal,1506.65,Trust disbursement - settlement,False,Singapore
TXN-100544,CUST-10088,MTR-10088-3,Nominee Director Arrangement,2025-07-17,Deposit,4829.48,Trust receipt - client funds,False,Cambodia
TXN-101684,CUST-10282,MTR-10282-4,Trust Establishment,2025-07-17,Deposit,24823.56,Trust receipt - client funds,False,Japan
TXN-102105,CUST-10355,MTR-10355-4,Business Sale & Purchase,2025-07-17,Deposit,87658.3,Trust receipt - client funds,False,Japan
TXN-100708,CUST-10116,MTR-10116-9,Trust Establishment,2025-07-17,Deposit,1028.29,Trust receipt - client funds,False,Australia
TXN-102273,CUST-10383,MTR-10383-6,Nominee Director Arrangement,2025-07-18,Deposit,1201.14,Trust receipt - client funds,False,Canada
TXN-102060,CUST-10348,MTR-10348-3,Trust Establishment,2025-07-19,Withdrawal,7519.91,Trust disbursement - settlement,False,Germany
TXN-101667,CUST-10279,MTR-10279-9,Residential Conveyancing,2025-07-20,Deposit,8844.52,Trust receipt - client funds,False,New Zealand
TXN-102269,CUST-10383,MTR-10383-6,Nominee Director Arrangement,2025-07-20,Deposit,1293.89,Trust receipt - client funds,False,Canada
TXN-100107,CUST-10019,MTR-10019-3,Nominee Shareholder Arrangement,2025-07-22,Deposit,1089.06,Trust receipt - client funds,False,United States
TXN-100644,CUST-10106,MTR-10106-1,Debt Financing Transaction,2025-07-22,Deposit,165937.29,Trust receipt - client funds,False,Singapore
TXN-101210,CUST-10198,MTR-10198-8,Commercial Conveyancing,2025-07-22,Withdrawal,815979.38,Trust disbursement - settlement,False,Democratic Republic of Congo
TXN-100235,CUST-10037,MTR-10037-6,Trust Establishment,2025-07-22,Deposit,28797.85,Trust receipt - client funds,False,Singapore
TXN-101616,CUST-10271,MTR-10271-1,Residential Conveyancing,2025-07-22,Deposit,164260.96,Trust receipt - client funds,False,Singapore
TXN-101668,CUST-10279,MTR-10279-9,Residential Conveyancing,2025-07-23,Deposit,8932.58,Trust receipt - client funds,False,New Zealand
TXN-100435,CUST-10072,MTR-10072-5,Nominee Shareholder Arrangement,2025-07-23,Withdrawal,735.82,Trust disbursement - settlement,False,United Kingdom
TXN-101669,CUST-10279,MTR-10279-9,Residential Conveyancing,2025-07-24,Deposit,8207.7,Trust receipt - client funds,False,New Zealand
TXN-102025,CUST-10341,MTR-10341-3,Debt Financing Transaction,2025-07-24,Deposit,464718.42,Trust receipt - client funds,False,Australia
TXN-102252,CUST-10379,MTR-10379-1,Nominee Director Arrangement,2025-07-25,Withdrawal,6921.66,Trust disbursement - settlement,False,Democratic Republic of Congo
TXN-101509,CUST-10251,MTR-10251-3,Company Formation,2025-07-26,Deposit,3058.74,Trust receipt - client funds,False,Singapore
TXN-100313,CUST-10051,MTR-10051-1,Nominee Director Arrangement,2025-07-26,Deposit,1506.73,Trust receipt - client funds,False,Panama
TXN-100083,CUST-10014,MTR-10014-9,Company Formation,2025-07-27,Deposit,5242.87,Trust receipt - client funds,False,Canada
TXN-100447,CUST-10075,MTR-10075-6,Estate Administration,2025-07-27,Deposit,230906.91,Trust receipt - client funds,False,United States
TXN-101055,CUST-10171,MTR-10171-6,Nominee Director Arrangement,2025-07-28,Deposit,3507.72,Trust receipt - client funds,False,United States
TXN-100555,CUST-10089,MTR-10089-9,Nominee Shareholder Arrangement,2025-07-28,Deposit,6722.11,Trust receipt - client funds,False,Cyprus
TXN-101910,CUST-10321,MTR-10321-1,Debt Financing Transaction,2025-07-28,Deposit,69655.93,Trust receipt - client funds,False,Canada
TXN-100690,CUST-10113,MTR-10113-5,Trust Establishment,2025-07-28,Deposit,3864.5,Trust receipt - client funds,False,United Kingdom
TXN-101935,CUST-10328,MTR-10328-9,Commercial Conveyancing,2025-07-29,Deposit,194117.01,Trust receipt - client funds,False,Cambodia
TXN-102027,CUST-10341,MTR-10341-3,Debt Financing Transaction,2025-07-29,Deposit,344738.99,Trust receipt - client funds,False,Australia
TXN-101912,CUST-10322,MTR-10322-1,Residential Conveyancing,2025-07-29,Withdrawal,250969.41,Trust disbursement - settlement,False,United Kingdom
TXN-101916,CUST-10322,MTR-10322-1,Residential Conveyancing,2025-07-30,Deposit,233190.54,Trust receipt - client funds,False,United Kingdom
TXN-101922,CUST-10324,MTR-10324-2,Trust Establishment,2025-07-31,Deposit,7792.41,Trust receipt - client funds,False,Yemen
TXN-102386,CUST-10403,MTR-10403-6,Company Formation,2025-07-31,Withdrawal,3890.35,Trust disbursement - settlement,False,Germany
TXN-100551,CUST-10089,MTR-10089-9,Nominee Shareholder Arrangement,2025-08-01,Deposit,1290.11,Trust receipt - client funds,False,Cyprus
TXN-101355,CUST-10223,MTR-10223-5,Nominee Director Arrangement,2025-08-01,Deposit,7297.4,Trust receipt - client funds,False,Japan
TXN-102106,CUST-10355,MTR-10355-4,Business Sale & Purchase,2025-08-01,Deposit,242689.98,Trust receipt - client funds,False,Japan
TXN-101644,CUST-10275,MTR-10275-9,Estate Administration,2025-08-02,Withdrawal,14918.34,Trust disbursement - settlement,False,United Kingdom
TXN-101083,CUST-10175,MTR-10175-8,Company Formation,2025-08-02,Deposit,3952.94,Trust receipt - client funds,False,United States
TXN-101938,CUST-10328,MTR-10328-9,Commercial Conveyancing,2025-08-03,Deposit,114267.0,Trust receipt - client funds,False,Cambodia
TXN-101906,CUST-10321,MTR-10321-1,Debt Financing Transaction,2025-08-03,Withdrawal,419921.68,Trust disbursement - settlement,False,Canada
TXN-100658,CUST-10109,MTR-10109-8,Estate Administration,2025-08-03,Deposit,647546.66,Trust receipt - client funds,False,Canada
TXN-100959,CUST-10156,MTR-10156-2,Debt Financing Transaction,2025-08-03,Withdrawal,1636949.08,Trust disbursement - settlement,False,New Zealand
TXN-101404,CUST-10231,MTR-10231-8,Company Formation,2025-08-04,Deposit,2178.81,Trust receipt - client funds,False,Singapore
TXN-100206,CUST-10033,MTR-10033-3,Business Sale & Purchase,2025-08-04,Deposit,696980.42,Trust receipt - client funds,False,New Zealand
TXN-101980,CUST-10334,MTR-10334-2,Company Formation,2025-08-04,Deposit,2324.04,Trust receipt - client funds,False,Germany
TXN-101942,CUST-10329,MTR-10329-2,Residential Conveyancing,2025-08-05,Deposit,192703.28,Trust receipt - client funds,False,Germany
TXN-101972,CUST-10333,MTR-10333-3,Nominee Shareholder Arrangement,2025-08-05,Deposit,1498.74,Trust receipt - client funds,False,Cambodia
TXN-101861,CUST-10312,MTR-10312-4,Debt Financing Transaction,2025-08-05,Withdrawal,189423.29,Trust disbursement - settlement,False,Germany
TXN-101933,CUST-10328,MTR-10328-9,Commercial Conveyancing,2025-08-05,Withdrawal,751202.68,Trust disbursement - settlement,False,Cambodia
TXN-101704,CUST-10286,MTR-10286-8,Commercial Conveyancing,2025-08-05,Deposit,87719.49,Trust receipt - client funds,False,Canada
TXN-100397,CUST-10064,MTR-10064-6,Company Formation,2025-08-06,Deposit,1021.0,Trust receipt - client funds,False,United States
TXN-101488,CUST-10246,MTR-10246-3,Business Sale & Purchase,2025-08-06,Deposit,841484.51,Trust receipt - client funds,False,Australia
TXN-102061,CUST-10348,MTR-10348-3,Trust Establishment,2025-08-07,Deposit,5769.29,Trust receipt - client funds,False,Germany
TXN-101991,CUST-10336,MTR-10336-1,Debt Financing Transaction,2025-08-07,Deposit,62057.62,Trust receipt - client funds,False,Canada
TXN-101868,CUST-10314,MTR-10314-9,Residential Conveyancing,2025-08-07,Deposit,421166.02,Trust receipt - client funds,False,New Zealand
TXN-101989,CUST-10336,MTR-10336-1,Debt Financing Transaction,2025-08-08,Deposit,750702.52,Trust receipt - client funds,False,Canada
TXN-101056,CUST-10171,MTR-10171-6,Nominee Director Arrangement,2025-08-08,Deposit,965.76,Trust receipt - client funds,False,United States
TXN-101119,CUST-10183,MTR-10183-8,Residential Conveyancing,2025-08-08,Withdrawal,20036.68,Trust disbursement - settlement,False,New Zealand
TXN-101316,CUST-10217,MTR-10217-8,Nominee Shareholder Arrangement,2025-08-08,Withdrawal,1896.79,Trust disbursement - settlement,False,Singapore
TXN-101458,CUST-10242,MTR-10242-2,Company Formation,2025-08-08,Deposit,1766.64,Trust receipt - client funds,False,Japan
TXN-102217,CUST-10372,MTR-10372-5,Company Formation,2025-08-08,Deposit,1111.04,Trust receipt - client funds,False,Japan
TXN-102129,CUST-10359,MTR-10359-7,Trust Establishment,2025-08-09,Deposit,35238.03,Trust receipt - client funds,False,Democratic Republic of Congo
TXN-101589,CUST-10267,MTR-10267-7,Company Formation,2025-08-09,Deposit,6683.18,Trust receipt - client funds,False,Germany
TXN-102177,CUST-10365,MTR-10365-7,Business Sale & Purchase,2025-08-09,Withdrawal,26121.22,Trust disbursement - settlement,False,Panama
TXN-100273,CUST-10042,MTR-10042-4,Company Formation,2025-08-10,Deposit,1131.6,Trust receipt - client funds,False,New Zealand
TXN-102121,CUST-10358,MTR-10358-9,Nominee Director Arrangement,2025-08-10,Deposit,921.85,Trust receipt - client funds,False,New Zealand
TXN-101526,CUST-10254,MTR-10254-9,Nominee Director Arrangement,2025-08-11,Withdrawal,6092.76,Trust disbursement - settlement,False,Australia
TXN-100497,CUST-10082,MTR-10082-7,Estate Administration,2025-08-12,Deposit,23293.01,Trust receipt - client funds,False,Singapore
TXN-102299,CUST-10388,MTR-10388-2,Trust Establishment,2025-08-12,Deposit,4294.37,Trust receipt - client funds,False,United States
TXN-100147,CUST-10024,MTR-10024-9,Commercial Conveyancing,2025-08-12,Deposit,361623.91,Trust receipt - client funds,False,Australia
TXN-102167,CUST-10364,MTR-10364-1,Trust Establishment,2025-08-13,Withdrawal,11885.11,Trust disbursement - settlement,False,Cambodia
TXN-100669,CUST-10111,MTR-10111-8,Nominee Director Arrangement,2025-08-13,Deposit,875.04,Trust receipt - client funds,False,Japan
TXN-100306,CUST-10049,MTR-10049-9,Estate Administration,2025-08-13,Deposit,32947.28,Trust receipt - client funds,False,United Arab Emirates
TXN-100625,CUST-10102,MTR-10102-1,Estate Administration,2025-08-13,Deposit,7274.4,Trust receipt - client funds,False,New Zealand
TXN-101312,CUST-10216,MTR-10216-1,Estate Administration,2025-08-13,Withdrawal,5240.28,Trust disbursement - settlement,False,Japan
TXN-102176,CUST-10365,MTR-10365-7,Business Sale & Purchase,2025-08-13,Deposit,44213.49,Trust receipt - client funds,False,Panama
TXN-102022,CUST-10341,MTR-10341-3,Debt Financing Transaction,2025-08-14,Deposit,411831.68,Trust receipt - client funds,False,Australia
TXN-100502,CUST-10082,MTR-10082-7,Estate Administration,2025-08-14,Withdrawal,46101.49,Trust disbursement - settlement,False,Singapore
TXN-101422,CUST-10234,MTR-10234-3,Commercial Conveyancing,2025-08-14,Withdrawal,2675020.19,Trust disbursement - settlement,False,Singapore
TXN-101416,CUST-10233,MTR-10233-4,Commercial Conveyancing,2025-08-14,Deposit,287238.4,Trust receipt - client funds,False,Canada
TXN-100401,CUST-10065,MTR-10065-8,Business Sale & Purchase,2025-08-15,Deposit,598336.38,Trust receipt - client funds,False,Germany
TXN-100157,CUST-10025,MTR-10025-5,Business Sale & Purchase,2025-08-15,Deposit,830000.43,Trust receipt - client funds,False,United States
TXN-100200,CUST-10031,MTR-10031-7,Commercial Conveyancing,2025-08-16,Deposit,291928.76,Trust receipt - client funds,False,Democratic People's Republic of Korea
TXN-101862,CUST-10312,MTR-10312-4,Debt Financing Transaction,2025-08-17,Withdrawal,225600.65,Trust disbursement - settlement,False,Germany
TXN-100738,CUST-10121,MTR-10121-7,Company Formation,2025-08-18,Deposit,3942.04,Trust receipt - client funds,False,Germany
TXN-100148,CUST-10024,MTR-10024-9,Commercial Conveyancing,2025-08-19,Withdrawal,151606.52,Trust disbursement - settlement,False,Australia
TXN-100374,CUST-10060,MTR-10060-7,Business Sale & Purchase,2025-08-20,Withdrawal,141941.21,Trust disbursement - settlement,False,Australia
TXN-100954,CUST-10156,MTR-10156-2,Debt Financing Transaction,2025-08-21,Deposit,371322.13,Trust receipt - client funds,False,New Zealand
TXN-102315,CUST-10390,MTR-10390-5,Business Sale & Purchase,2025-08-21,Withdrawal,377926.0,Trust disbursement - settlement,False,Germany
TXN-100113,CUST-10019,MTR-10019-3,Nominee Shareholder Arrangement,2025-08-22,Withdrawal,6317.95,Trust disbursement - settlement,False,United States
TXN-102294,CUST-10388,MTR-10388-2,Trust Establishment,2025-08-22,Withdrawal,32175.56,Trust disbursement - settlement,False,United States
TXN-101153,CUST-10188,MTR-10188-6,Company Formation,2025-08-22,Deposit,3067.94,Trust receipt - client funds,False,Japan
TXN-100856,CUST-10141,MTR-10141-8,Business Sale & Purchase,2025-08-23,Deposit,62710.54,Trust receipt - client funds,False,Japan
TXN-100197,CUST-10031,MTR-10031-7,Commercial Conveyancing,2025-08-23,Deposit,607390.82,Trust receipt - client funds,False,Democratic People's Republic of Korea
TXN-101834,CUST-10306,MTR-10306-2,Trust Establishment,2025-08-24,Withdrawal,9229.12,Trust disbursement - settlement,False,Singapore
TXN-101781,CUST-10299,MTR-10299-2,Trust Establishment,2025-08-24,Withdrawal,1128.03,Trust disbursement - settlement,False,Japan
TXN-101175,CUST-10192,MTR-10192-8,Nominee Director Arrangement,2025-08-24,Deposit,896.78,Trust receipt - client funds,False,Germany
TXN-100399,CUST-10064,MTR-10064-6,Company Formation,2025-08-25,Withdrawal,1004.58,Trust disbursement - settlement,False,United States
TXN-101346,CUST-10222,MTR-10222-5,Nominee Director Arrangement,2025-08-25,Deposit,1625.53,Trust receipt - client funds,False,Vanuatu
TXN-100214,CUST-10034,MTR-10034-9,Debt Financing Transaction,2025-08-26,Deposit,77503.88,Trust receipt - client funds,False,New Zealand
TXN-102216,CUST-10372,MTR-10372-5,Company Formation,2025-08-26,Deposit,1972.24,Trust receipt - client funds,False,Japan
TXN-100569,CUST-10092,MTR-10092-3,Commercial Conveyancing,2025-08-26,Withdrawal,219213.93,Trust disbursement - settlement,False,Germany
TXN-102342,CUST-10395,MTR-10395-2,Nominee Shareholder Arrangement,2025-08-27,Withdrawal,2657.14,Trust disbursement - settlement,False,United Kingdom
TXN-102139,CUST-10360,MTR-10360-5,Commercial Conveyancing,2025-08-29,Withdrawal,313490.34,Trust disbursement - settlement,False,Canada
TXN-101914,CUST-10322,MTR-10322-1,Residential Conveyancing,2025-08-30,Withdrawal,367334.74,Trust disbursement - settlement,False,United Kingdom
TXN-101020,CUST-10165,MTR-10165-3,Nominee Director Arrangement,2025-08-30,Deposit,6742.2,Trust receipt - client funds,False,Canada
TXN-101532,CUST-10255,MTR-10255-5,Trust Establishment,2025-08-30,Deposit,19398.1,Trust receipt - client funds,False,Democratic People's Republic of Korea
TXN-100616,CUST-10101,MTR-10101-9,Commercial Conveyancing,2025-08-30,Withdrawal,199050.92,Trust disbursement - settlement,False,United Kingdom
TXN-100376,CUST-10060,MTR-10060-7,Business Sale & Purchase,2025-08-30,Deposit,1146531.22,Trust receipt - client funds,False,Australia
TXN-100533,CUST-10087,MTR-10087-9,Trust Establishment,2025-08-30,Withdrawal,2677.91,Trust disbursement - settlement,False,Germany
TXN-100213,CUST-10034,MTR-10034-9,Debt Financing Transaction,2025-08-31,Deposit,61541.95,Trust receipt - client funds,False,New Zealand
TXN-102246,CUST-10378,MTR-10378-7,Commercial Conveyancing,2025-08-31,Withdrawal,321846.24,Trust disbursement - settlement,False,Germany
TXN-100436,CUST-10072,MTR-10072-5,Nominee Shareholder Arrangement,2025-09-01,Withdrawal,5062.05,Trust disbursement - settlement,False,United Kingdom
TXN-101707,CUST-10287,MTR-10287-4,Nominee Shareholder Arrangement,2025-09-02,Deposit,1089.9,Trust receipt - client funds,False,Yemen
TXN-100790,CUST-10130,MTR-10130-6,Debt Financing Transaction,2025-09-02,Withdrawal,64296.32,Trust disbursement - settlement,False,United Kingdom
TXN-102291,CUST-10387,MTR-10387-3,Commercial Conveyancing,2025-09-02,Withdrawal,282622.63,Trust disbursement - settlement,False,Japan
TXN-100144,CUST-10024,MTR-10024-9,Commercial Conveyancing,2025-09-03,Deposit,2788113.81,Trust receipt - client funds,False,Australia
TXN-101085,CUST-10175,MTR-10175-8,Company Formation,2025-09-04,Deposit,8237.74,Trust receipt - client funds,False,United States
TXN-100689,CUST-10113,MTR-10113-5,Trust Establishment,2025-09-04,Deposit,3311.36,Trust receipt - client funds,False,United Kingdom
TXN-100300,CUST-10049,MTR-10049-9,Estate Administration,2025-09-04,Deposit,81337.65,Trust receipt - client funds,False,United Arab Emirates
TXN-102112,CUST-10356,MTR-10356-4,Trust Establishment,2025-09-04,Deposit,19982.89,Trust receipt - client funds,False,United Kingdom
TXN-100064,CUST-10010,MTR-10010-9,Nominee Shareholder Arrangement,2025-09-05,Deposit,1004.95,Trust receipt - client funds,False,Singapore
TXN-102341,CUST-10395,MTR-10395-2,Nominee Shareholder Arrangement,2025-09-06,Withdrawal,2815.75,Trust disbursement - settlement,False,United Kingdom
TXN-101295,CUST-10214,MTR-10214-9,Commercial Conveyancing,2025-09-07,Withdrawal,2985515.17,Trust disbursement - settlement,False,United Kingdom
TXN-100330,CUST-10054,MTR-10054-1,Business Sale & Purchase,2025-09-07,Deposit,498348.23,Trust receipt - client funds,False,Singapore
TXN-102259,CUST-10380,MTR-10380-7,Company Formation,2025-09-07,Deposit,4195.76,Trust receipt - client funds,False,Canada
TXN-100044,CUST-10007,MTR-10007-2,Estate Administration,2025-09-08,Deposit,5886.42,Trust receipt - client funds,False,United Kingdom
TXN-102243,CUST-10377,MTR-10377-1,Nominee Director Arrangement,2025-09-08,Deposit,3398.71,Trust receipt - client funds,False,Germany
TXN-100710,CUST-10116,MTR-10116-9,Trust Establishment,2025-09-08,Deposit,27459.89,Trust receipt - client funds,False,Australia
TXN-101069,CUST-10173,MTR-10173-8,Debt Financing Transaction,2025-09-09,Deposit,51025.89,Trust receipt - client funds,False,United States
TXN-100210,CUST-10034,MTR-10034-9,Debt Financing Transaction,2025-09-10,Deposit,307740.73,Trust receipt - client funds,False,New Zealand
TXN-102359,CUST-10398,MTR-10398-5,Nominee Director Arrangement,2025-09-11,Withdrawal,615.39,Trust disbursement - settlement,False,Canada
TXN-100686,CUST-10113,MTR-10113-5,Trust Establishment,2025-09-11,Withdrawal,1558.05,Trust disbursement - settlement,False,United Kingdom
TXN-102295,CUST-10388,MTR-10388-2,Trust Establishment,2025-09-11,Withdrawal,9963.69,Trust disbursement - settlement,False,United States
TXN-100292,CUST-10047,MTR-10047-6,Residential Conveyancing,2025-09-12,Deposit,267194.08,Trust receipt - third party (unrelated to matter),True,Panama
TXN-100697,CUST-10113,MTR-10113-5,Trust Establishment,2025-09-13,Deposit,2312.59,Trust receipt - client funds,False,United Kingdom
TXN-102466,CUST-10417,MTR-10417-4,Company Formation,2025-09-13,Deposit,812.69,Trust receipt - client funds,False,Cyprus
TXN-100766,CUST-10126,MTR-10126-1,Residential Conveyancing,2025-09-13,Deposit,132682.31,Trust receipt - client funds,False,Cyprus
TXN-102180,CUST-10365,MTR-10365-7,Business Sale & Purchase,2025-09-14,Deposit,113323.5,Trust receipt - client funds,False,Panama
TXN-101961,CUST-10332,MTR-10332-6,Trust Establishment,2025-09-14,Deposit,2536.41,Trust receipt - client funds,False,Japan
TXN-100636,CUST-10104,MTR-10104-8,Business Sale & Purchase,2025-09-14,Deposit,331855.95,Trust receipt - client funds,False,Australia
TXN-102357,CUST-10398,MTR-10398-5,Nominee Director Arrangement,2025-09-15,Deposit,1910.56,Trust receipt - client funds,False,Canada
TXN-102267,CUST-10382,MTR-10382-2,Residential Conveyancing,2025-09-15,Deposit,249199.6,Trust receipt - client funds,False,Japan
TXN-101014,CUST-10164,MTR-10164-6,Business Sale & Purchase,2025-09-15,Withdrawal,63372.32,Trust disbursement - settlement,False,Singapore
TXN-101776,CUST-10298,MTR-10298-7,Nominee Shareholder Arrangement,2025-09-16,Withdrawal,1903.33,Trust disbursement - settlement,False,Germany
TXN-102426,CUST-10411,MTR-10411-9,Residential Conveyancing,2025-09-16,Withdrawal,158059.28,Trust disbursement - settlement,False,Germany
TXN-101178,CUST-10192,MTR-10192-8,Nominee Director Arrangement,2025-09-16,Deposit,7951.81,Trust receipt - client funds,False,Germany
TXN-100829,CUST-10137,MTR-10137-8,Estate Administration,2025-09-16,Deposit,540367.26,Trust receipt - client funds,False,Panama
TXN-102126,CUST-10358,MTR-10358-9,Nominee Director Arrangement,2025-09-16,Deposit,970.14,Trust receipt - client funds,False,New Zealand
TXN-101570,CUST-10263,MTR-10263-5,Residential Conveyancing,2025-09-17,Withdrawal,42777.35,Trust disbursement - settlement,False,United Arab Emirates
TXN-100042,CUST-10007,MTR-10007-2,Estate Administration,2025-09-17,Withdrawal,5705.54,Trust disbursement - settlement,False,United Kingdom
TXN-101159,CUST-10189,MTR-10189-4,Residential Conveyancing,2025-09-17,Withdrawal,105599.75,Trust disbursement - settlement,False,United States
TXN-101213,CUST-10198,MTR-10198-8,Commercial Conveyancing,2025-09-18,Withdrawal,258156.51,Trust disbursement - settlement,False,Democratic Republic of Congo
TXN-100495,CUST-10082,MTR-10082-7,Estate Administration,2025-09-18,Withdrawal,31531.14,Trust disbursement - settlement,False,Singapore
TXN-100317,CUST-10051,MTR-10051-1,Nominee Director Arrangement,2025-09-19,Deposit,1022.15,Trust receipt - client funds,False,Panama
TXN-101075,CUST-10174,MTR-10174-4,Nominee Shareholder Arrangement,2025-09-19,Withdrawal,685.56,Trust disbursement - settlement,False,United Arab Emirates
TXN-101907,CUST-10321,MTR-10321-1,Debt Financing Transaction,2025-09-19,Deposit,400316.03,Trust receipt - client funds,False,Canada
TXN-102019,CUST-10340,MTR-10340-4,Nominee Shareholder Arrangement,2025-09-19,Withdrawal,4863.35,Trust disbursement - settlement,False,Australia
TXN-102303,CUST-10389,MTR-10389-2,Nominee Director Arrangement,2025-09-20,Withdrawal,1123.22,Trust disbursement - settlement,False,New Zealand
TXN-101986,CUST-10336,MTR-10336-1,Debt Financing Transaction,2025-09-21,Deposit,79826.98,Trust receipt - client funds,False,Canada
TXN-100542,CUST-10088,MTR-10088-3,Nominee Director Arrangement,2025-09-21,Withdrawal,3928.65,Trust disbursement - settlement,False,Cambodia
TXN-101791,CUST-10300,MTR-10300-7,Company Formation,2025-09-21,Deposit,649.26,Trust receipt - client funds,False,Myanmar
TXN-100212,CUST-10034,MTR-10034-9,Debt Financing Transaction,2025-09-21,Withdrawal,281703.65,Trust disbursement - settlement,False,New Zealand
TXN-102137,CUST-10360,MTR-10360-5,Commercial Conveyancing,2025-09-22,Deposit,1439207.16,Trust receipt - client funds,False,Canada
TXN-101944,CUST-10329,MTR-10329-2,Residential Conveyancing,2025-09-22,Deposit,155016.59,Trust receipt - client funds,False,Germany
TXN-101614,CUST-10271,MTR-10271-1,Residential Conveyancing,2025-09-22,Deposit,618650.27,Trust receipt - client funds,False,Singapore
TXN-100245,CUST-10039,MTR-10039-3,Nominee Shareholder Arrangement,2025-09-22,Deposit,4762.12,Trust receipt - client funds,False,New Zealand
TXN-102350,CUST-10396,MTR-10396-7,Nominee Director Arrangement,2025-09-23,Deposit,1308.59,Trust receipt - client funds,False,United Kingdom
TXN-100684,CUST-10112,MTR-10112-9,Company Formation,2025-09-24,Deposit,589.09,Trust receipt - client funds,False,Canada
TXN-101685,CUST-10282,MTR-10282-4,Trust Establishment,2025-09-24,Deposit,18611.63,Trust receipt - client funds,False,Japan
TXN-101787,CUST-10299,MTR-10299-2,Trust Establishment,2025-09-24,Withdrawal,7955.37,Trust disbursement - settlement,False,Japan
TXN-101376,CUST-10226,MTR-10226-3,Trust Establishment,2025-09-25,Deposit,2748.39,Trust receipt - client funds,False,Panama
TXN-100688,CUST-10113,MTR-10113-5,Trust Establishment,2025-09-26,Withdrawal,1021.47,Trust disbursement - settlement,False,United Kingdom
TXN-100737,CUST-10121,MTR-10121-7,Company Formation,2025-09-26,Withdrawal,4438.54,Trust disbursement - settlement,False,Germany
TXN-100795,CUST-10130,MTR-10130-6,Debt Financing Transaction,2025-09-28,Deposit,1763092.29,Trust receipt - client funds,False,United Kingdom
TXN-100521,CUST-10085,MTR-10085-2,Debt Financing Transaction,2025-09-29,Deposit,424915.83,Trust receipt - client funds,False,Australia
TXN-102203,CUST-10370,MTR-10370-3,Nominee Director Arrangement,2025-09-29,Deposit,7875.23,Trust receipt - client funds,False,United States
TXN-102351,CUST-10396,MTR-10396-7,Nominee Director Arrangement,2025-09-29,Deposit,6641.32,Trust receipt - client funds,False,United Kingdom
TXN-100522,CUST-10085,MTR-10085-2,Debt Financing Transaction,2025-09-30,Deposit,70070.85,Trust receipt - client funds,False,Australia
TXN-100663,CUST-10110,MTR-10110-7,Commercial Conveyancing,2025-09-30,Deposit,3046005.15,Trust receipt - client funds,False,United Arab Emirates
TXN-100836,CUST-10137,MTR-10137-8,Estate Administration,2025-10-01,Withdrawal,7067.87,Trust disbursement - settlement,False,Panama
TXN-101079,CUST-10174,MTR-10174-4,Nominee Shareholder Arrangement,2025-10-01,Deposit,1964.53,Trust receipt - client funds,False,United Arab Emirates
TXN-101936,CUST-10328,MTR-10328-9,Commercial Conveyancing,2025-10-01,Deposit,113561.22,Trust receipt - client funds,False,Cambodia
TXN-100467,CUST-10078,MTR-10078-4,Nominee Director Arrangement,2025-10-01,Deposit,2246.38,Trust receipt - client funds,False,Japan
TXN-100099,CUST-10018,MTR-10018-5,Nominee Director Arrangement,2025-10-02,Withdrawal,3028.35,Trust disbursement - settlement,False,Japan
TXN-102036,CUST-10343,MTR-10343-6,Nominee Shareholder Arrangement,2025-10-02,Deposit,609.05,Trust receipt - client funds,False,New Zealand
TXN-101927,CUST-10325,MTR-10325-2,Estate Administration,2025-10-02,Deposit,9238.15,Trust receipt - client funds,False,Cyprus
TXN-101179,CUST-10192,MTR-10192-8,Nominee Director Arrangement,2025-10-02,Deposit,3265.46,Trust receipt - client funds,False,Germany
TXN-102091,CUST-10353,MTR-10353-4,Residential Conveyancing,2025-10-03,Deposit,48014.58,Trust receipt - client funds,False,Germany
TXN-102063,CUST-10349,MTR-10349-9,Trust Establishment,2025-10-03,Deposit,21414.48,Trust receipt - client funds,False,Myanmar
TXN-100267,CUST-10042,MTR-10042-4,Company Formation,2025-10-03,Deposit,1203.45,Trust receipt - client funds,False,New Zealand
TXN-101745,CUST-10293,MTR-10293-3,Residential Conveyancing,2025-10-03,Deposit,429553.67,Trust receipt - client funds,False,Cambodia
TXN-102253,CUST-10379,MTR-10379-1,Nominee Director Arrangement,2025-10-05,Deposit,739.59,Trust receipt - client funds,False,Democratic Republic of Congo
TXN-101151,CUST-10188,MTR-10188-6,Company Formation,2025-10-05,Withdrawal,11024.14,Trust disbursement - settlement,False,Japan
TXN-100693,CUST-10113,MTR-10113-5,Trust Establishment,2025-10-05,Deposit,4192.7,Trust receipt - client funds,False,United Kingdom
TXN-100237,CUST-10037,MTR-10037-6,Trust Establishment,2025-10-06,Withdrawal,33238.12,Trust disbursement - settlement,False,Singapore
TXN-100859,CUST-10141,MTR-10141-8,Business Sale & Purchase,2025-10-08,Deposit,151101.42,Trust receipt - client funds,False,Japan
TXN-101137,CUST-10186,MTR-10186-1,Nominee Director Arrangement,2025-10-08,Deposit,5044.11,Trust receipt - client funds,False,United Kingdom
TXN-102179,CUST-10365,MTR-10365-7,Business Sale & Purchase,2025-10-09,Deposit,1358383.3,Trust receipt - client funds,False,Panama
TXN-101824,CUST-10305,MTR-10305-3,Company Formation,2025-10-09,Deposit,12170.05,Trust receipt - client funds,False,United Kingdom
TXN-102135,CUST-10359,MTR-10359-7,Trust Establishment,2025-10-09,Withdrawal,2144.54,Trust disbursement - settlement,False,Democratic Republic of Congo
TXN-101586,CUST-10266,MTR-10266-9,Nominee Director Arrangement,2025-10-09,Deposit,2402.81,Trust receipt - client funds,False,United States
TXN-100282,CUST-10044,MTR-10044-6,Trust Establishment,2025-10-10,Withdrawal,1560.51,Trust disbursement - settlement,False,Japan
TXN-101531,CUST-10254,MTR-10254-9,Nominee Director Arrangement,2025-10-10,Withdrawal,2245.51,Trust disbursement - settlement,False,Australia
TXN-101775,CUST-10298,MTR-10298-7,Nominee Shareholder Arrangement,2025-10-10,Withdrawal,1823.58,Trust disbursement - settlement,False,Germany
TXN-101909,CUST-10321,MTR-10321-1,Debt Financing Transaction,2025-10-10,Withdrawal,64586.76,Trust disbursement - settlement,False,Canada
TXN-102076,CUST-10350,MTR-10350-7,Residential Conveyancing,2025-10-10,Withdrawal,229291.01,Trust disbursement - settlement,False,United Kingdom
TXN-102123,CUST-10358,MTR-10358-9,Nominee Director Arrangement,2025-10-11,Withdrawal,5413.07,Trust disbursement - settlement,False,New Zealand
TXN-101750,CUST-10294,MTR-10294-3,Nominee Director Arrangement,2025-10-11,Deposit,2276.45,Trust receipt - client funds,False,United States
TXN-101865,CUST-10314,MTR-10314-9,Residential Conveyancing,2025-10-11,Withdrawal,78929.96,Trust disbursement - settlement,False,New Zealand
TXN-102001,CUST-10337,MTR-10337-4,Company Formation,2025-10-11,Withdrawal,6522.2,Trust disbursement - settlement,False,United Kingdom
TXN-101156,CUST-10189,MTR-10189-4,Residential Conveyancing,2025-10-12,Deposit,27351.39,Trust receipt - client funds,False,United States
TXN-102163,CUST-10363,MTR-10363-4,Company Formation,2025-10-12,Deposit,8978.23,Trust receipt - client funds,False,United Kingdom
TXN-102107,CUST-10355,MTR-10355-4,Business Sale & Purchase,2025-10-12,Deposit,277637.46,Trust receipt - client funds,False,Japan
TXN-100812,CUST-10134,MTR-10134-5,Nominee Shareholder Arrangement,2025-10-12,Withdrawal,3822.34,Trust disbursement - settlement,False,Canada
TXN-101527,CUST-10254,MTR-10254-9,Nominee Director Arrangement,2025-10-13,Deposit,878.97,Trust receipt - client funds,False,Australia
TXN-102079,CUST-10351,MTR-10351-3,Estate Administration,2025-10-13,Withdrawal,61670.37,Trust disbursement - settlement,False,Japan
TXN-102113,CUST-10356,MTR-10356-4,Trust Establishment,2025-10-13,Deposit,1052.47,Trust receipt - client funds,False,United Kingdom
TXN-102374,CUST-10401,MTR-10401-2,Commercial Conveyancing,2025-10-13,Withdrawal,2865546.52,Trust disbursement - settlement,False,Cyprus
TXN-101699,CUST-10285,MTR-10285-3,Company Formation,2025-10-13,Withdrawal,2838.96,Trust disbursement - settlement,False,Canada
TXN-101569,CUST-10263,MTR-10263-5,Residential Conveyancing,2025-10-14,Withdrawal,17010.06,Trust disbursement - settlement,False,United Arab Emirates
TXN-101966,CUST-10333,MTR-10333-3,Nominee Shareholder Arrangement,2025-10-14,Withdrawal,1200.05,Trust disbursement - settlement,False,Cambodia
TXN-101333,CUST-10220,MTR-10220-9,Nominee Director Arrangement,2025-10-14,Withdrawal,5964.4,Trust disbursement - settlement,False,United Kingdom
TXN-100268,CUST-10042,MTR-10042-4,Company Formation,2025-10-15,Withdrawal,2383.25,Trust disbursement - settlement,False,New Zealand
TXN-100600,CUST-10098,MTR-10098-7,Nominee Director Arrangement,2025-10-15,Withdrawal,2100.67,Trust disbursement - settlement,False,Japan
TXN-101391,CUST-10228,MTR-10228-6,Commercial Conveyancing,2025-10-15,Deposit,154977.35,Trust receipt - client funds,False,Germany
TXN-102165,CUST-10363,MTR-10363-4,Company Formation,2025-10-16,Withdrawal,886.21,Trust disbursement - settlement,False,United Kingdom
TXN-102162,CUST-10363,MTR-10363-4,Company Formation,2025-10-17,Deposit,2519.45,Trust receipt - client funds,False,United Kingdom
TXN-100219,CUST-10035,MTR-10035-5,Estate Administration,2025-10-17,Withdrawal,77460.41,Trust disbursement - settlement,False,Canada
TXN-101150,CUST-10188,MTR-10188-6,Company Formation,2025-10-17,Deposit,13272.65,Trust receipt - client funds,False,Japan
TXN-101860,CUST-10312,MTR-10312-4,Debt Financing Transaction,2025-10-18,Withdrawal,134462.58,Trust disbursement - settlement,False,Germany
TXN-100791,CUST-10130,MTR-10130-6,Debt Financing Transaction,2025-10-18,Deposit,54994.88,Trust receipt - client funds,False,United Kingdom
TXN-101492,CUST-10246,MTR-10246-3,Business Sale & Purchase,2025-10-18,Withdrawal,535340.26,Trust disbursement - settlement,False,Australia
TXN-101101,CUST-10180,MTR-10180-4,Estate Administration,2025-10-19,Deposit,23140.2,Trust receipt - client funds,False,United Kingdom
TXN-102474,CUST-10417,MTR-10417-4,Company Formation,2025-10-19,Deposit,662.12,Trust receipt - client funds,False,Cyprus
TXN-102050,CUST-10346,MTR-10346-3,Nominee Shareholder Arrangement,2025-10-20,Deposit,505.84,Trust receipt - client funds,False,Canada
TXN-102054,CUST-10347,MTR-10347-3,Commercial Conveyancing,2025-10-20,Withdrawal,153739.83,Trust disbursement - settlement,False,Australia
TXN-102166,CUST-10364,MTR-10364-1,Trust Establishment,2025-10-20,Deposit,22074.67,Trust receipt - client funds,False,Cambodia
TXN-102362,CUST-10398,MTR-10398-5,Nominee Director Arrangement,2025-10-20,Deposit,972.17,Trust receipt - client funds,False,Canada
TXN-102081,CUST-10351,MTR-10351-3,Estate Administration,2025-10-21,Deposit,32057.66,Trust receipt - client funds,False,Japan
TXN-101366,CUST-10225,MTR-10225-3,Company Formation,2025-10-21,Withdrawal,12750.2,Trust disbursement - settlement,False,United Kingdom
TXN-101697,CUST-10285,MTR-10285-3,Company Formation,2025-10-21,Deposit,1002.22,Trust receipt - client funds,False,Canada
TXN-100843,CUST-10139,MTR-10139-2,Nominee Director Arrangement,2025-10-21,Deposit,656.83,Trust receipt - client funds,False,United Kingdom
TXN-100238,CUST-10037,MTR-10037-6,Trust Establishment,2025-10-22,Withdrawal,14542.74,Trust disbursement - settlement,False,Singapore
TXN-101073,CUST-10173,MTR-10173-8,Debt Financing Transaction,2025-10-22,Deposit,74478.98,Trust receipt - client funds,False,United States
TXN-101567,CUST-10262,MTR-10262-2,Company Formation,2025-10-22,Deposit,7993.46,Trust receipt - client funds,False,Australia
TXN-100274,CUST-10042,MTR-10042-4,Company Formation,2025-10-23,Withdrawal,647.19,Trust disbursement - settlement,False,New Zealand
TXN-101494,CUST-10247,MTR-10247-4,Nominee Shareholder Arrangement,2025-10-23,Withdrawal,790.66,Trust disbursement - settlement,False,United Kingdom
TXN-100270,CUST-10042,MTR-10042-4,Company Formation,2025-10-24,Deposit,2670.71,Trust receipt - client funds,False,New Zealand
TXN-100149,CUST-10024,MTR-10024-9,Commercial Conveyancing,2025-10-24,Withdrawal,142466.09,Trust disbursement - settlement,False,Australia
TXN-100546,CUST-10088,MTR-10088-3,Nominee Director Arrangement,2025-10-24,Deposit,2041.84,Trust receipt - client funds,False,Cambodia
TXN-101098,CUST-10180,MTR-10180-4,Estate Administration,2025-10-24,Deposit,10459.91,Trust receipt - client funds,False,United Kingdom
TXN-102229,CUST-10374,MTR-10374-4,Commercial Conveyancing,2025-10-25,Withdrawal,260850.74,Trust disbursement - settlement,False,Germany
TXN-100256,CUST-10040,MTR-10040-8,Nominee Shareholder Arrangement,2025-10-25,Withdrawal,2115.84,Trust disbursement - settlement,False,Singapore
TXN-101964,CUST-10333,MTR-10333-3,Nominee Shareholder Arrangement,2025-10-25,Deposit,6256.5,Trust receipt - client funds,False,Cambodia
TXN-100666,CUST-10111,MTR-10111-8,Nominee Director Arrangement,2025-10-26,Deposit,1174.23,Trust receipt - client funds,False,Japan
TXN-102067,CUST-10349,MTR-10349-9,Trust Establishment,2025-10-26,Deposit,36912.05,Trust receipt - client funds,False,Myanmar
TXN-100648,CUST-10106,MTR-10106-1,Debt Financing Transaction,2025-10-26,Deposit,266666.26,Trust receipt - client funds,False,Singapore
TXN-100705,CUST-10115,MTR-10115-8,Business Sale & Purchase,2025-10-27,Withdrawal,268889.74,Trust disbursement - settlement,False,Cambodia
TXN-101620,CUST-10271,MTR-10271-1,Residential Conveyancing,2025-10-27,Deposit,82858.39,Trust receipt - client funds,False,Singapore
TXN-102156,CUST-10362,MTR-10362-7,Business Sale & Purchase,2025-10-28,Withdrawal,376386.48,Trust disbursement - settlement,False,United Kingdom
TXN-101939,CUST-10328,MTR-10328-9,Commercial Conveyancing,2025-10-28,Withdrawal,153634.77,Trust disbursement - settlement,False,Cambodia
TXN-101806,CUST-10303,MTR-10303-4,Estate Administration,2025-10-28,Withdrawal,46265.72,Trust disbursement - settlement,False,United States
TXN-102015,CUST-10339,MTR-10339-7,Business Sale & Purchase,2025-10-28,Withdrawal,349134.05,Trust disbursement - settlement,False,United States
TXN-101619,CUST-10271,MTR-10271-1,Residential Conveyancing,2025-10-28,Deposit,17050.95,Trust receipt - client funds,False,Singapore
TXN-100667,CUST-10111,MTR-10111-8,Nominee Director Arrangement,2025-10-29,Withdrawal,1159.68,Trust disbursement - third party,False,Japan
TXN-101670,CUST-10279,MTR-10279-9,Residential Conveyancing,2025-10-29,Withdrawal,155531.85,Trust disbursement - settlement,False,New Zealand
TXN-101934,CUST-10328,MTR-10328-9,Commercial Conveyancing,2025-10-29,Withdrawal,335623.93,Trust disbursement - settlement,False,Cambodia
TXN-101743,CUST-10292,MTR-10292-4,Company Formation,2025-10-30,Withdrawal,1454.14,Trust disbursement - settlement,False,Germany
TXN-102039,CUST-10343,MTR-10343-6,Nominee Shareholder Arrangement,2025-10-31,Deposit,5704.63,Trust receipt - client funds,False,New Zealand
TXN-100109,CUST-10019,MTR-10019-3,Nominee Shareholder Arrangement,2025-10-31,Withdrawal,2993.62,Trust disbursement - settlement,False,United States
TXN-101587,CUST-10267,MTR-10267-7,Company Formation,2025-10-31,Deposit,6729.96,Trust receipt - client funds,False,Germany
TXN-102143,CUST-10361,MTR-10361-4,Estate Administration,2025-11-01,Deposit,62434.42,Trust receipt - client funds,False,Australia
TXN-100528,CUST-10086,MTR-10086-7,Company Formation,2025-11-02,Deposit,2700.47,Trust receipt - client funds,False,Singapore
TXN-100393,CUST-10063,MTR-10063-7,Nominee Director Arrangement,2025-11-02,Withdrawal,7181.48,Trust disbursement - settlement,False,United States
TXN-101031,CUST-10167,MTR-10167-4,Company Formation,2025-11-02,Deposit,5920.4,Trust receipt - client funds,False,Panama
TXN-102347,CUST-10395,MTR-10395-2,Nominee Shareholder Arrangement,2025-11-02,Withdrawal,864.67,Trust disbursement - settlement,False,United Kingdom
TXN-100110,CUST-10019,MTR-10019-3,Nominee Shareholder Arrangement,2025-11-02,Deposit,817.02,Trust receipt - client funds,False,United States
TXN-101553,CUST-10260,MTR-10260-9,Estate Administration,2025-11-02,Deposit,25511.44,Trust receipt - client funds,False,United Arab Emirates
TXN-100999,CUST-10162,MTR-10162-2,Estate Administration,2025-11-03,Deposit,430916.49,Trust receipt - client funds,False,Singapore
TXN-101293,CUST-10214,MTR-10214-9,Commercial Conveyancing,2025-11-03,Deposit,96196.53,Trust receipt - international wire,False,Democratic Republic of Congo
TXN-101077,CUST-10174,MTR-10174-4,Nominee Shareholder Arrangement,2025-11-03,Withdrawal,2041.53,Trust disbursement - settlement,False,United Arab Emirates
TXN-102232,CUST-10375,MTR-10375-8,Residential Conveyancing,2025-11-03,Withdrawal,32318.36,Trust disbursement - settlement,False,United States
TXN-101687,CUST-10282,MTR-10282-4,Trust Establishment,2025-11-03,Deposit,15921.02,Trust receipt - client funds,False,Japan
TXN-100065,CUST-10010,MTR-10010-9,Nominee Shareholder Arrangement,2025-11-04,Deposit,1984.8,Trust receipt - client funds,False,Singapore
TXN-102373,CUST-10401,MTR-10401-2,Commercial Conveyancing,2025-11-04,Deposit,2825656.59,Trust receipt - client funds,False,Cyprus
TXN-101903,CUST-10320,MTR-10320-5,Residential Conveyancing,2025-11-04,Deposit,42607.6,Trust receipt - client funds,False,Singapore
TXN-102029,CUST-10341,MTR-10341-3,Debt Financing Transaction,2025-11-04,Deposit,584491.5,Trust receipt - client funds,False,Australia
TXN-102472,CUST-10417,MTR-10417-4,Company Formation,2025-11-05,Deposit,602.78,Trust receipt - client funds,False,Cyprus
TXN-100844,CUST-10139,MTR-10139-2,Nominee Director Arrangement,2025-11-05,Deposit,3119.28,Trust receipt - client funds,False,United Kingdom
TXN-100908,CUST-10148,MTR-10148-4,Debt Financing Transaction,2025-11-05,Deposit,337028.06,Trust receipt - client funds,False,United Kingdom
TXN-101425,CUST-10234,MTR-10234-3,Commercial Conveyancing,2025-11-05,Withdrawal,729113.86,Trust disbursement - settlement,False,Singapore
TXN-102275,CUST-10384,MTR-10384-1,Nominee Shareholder Arrangement,2025-11-06,Withdrawal,1142.27,Trust disbursement - settlement,False,Canada
TXN-101253,CUST-10207,MTR-10207-7,Commercial Conveyancing,2025-11-07,Deposit,2796878.32,Trust receipt - client funds,False,Germany
TXN-100630,CUST-10104,MTR-10104-8,Business Sale & Purchase,2025-11-07,Withdrawal,140547.65,Trust disbursement - settlement,False,Australia
TXN-100611,CUST-10101,MTR-10101-9,Commercial Conveyancing,2025-11-07,Withdrawal,859290.61,Trust disbursement - settlement,False,United Kingdom
TXN-101469,CUST-10243,MTR-10243-7,Business Sale & Purchase,2025-11-07,Deposit,195746.67,Trust receipt - client funds,False,Australia
TXN-102430,CUST-10412,MTR-10412-5,Estate Administration,2025-11-08,Deposit,155052.21,Trust receipt - client funds,False,United Kingdom
TXN-101642,CUST-10275,MTR-10275-9,Estate Administration,2025-11-08,Withdrawal,165581.04,Trust disbursement - settlement,False,United Kingdom
TXN-100933,CUST-10152,MTR-10152-4,Estate Administration,2025-11-08,Withdrawal,18029.12,Trust disbursement - settlement,False,New Zealand
TXN-101236,CUST-10204,MTR-10204-2,Estate Administration,2025-11-08,Deposit,151873.23,Trust receipt - client funds,False,Cambodia
TXN-100572,CUST-10092,MTR-10092-3,Commercial Conveyancing,2025-11-09,Deposit,394199.69,Trust receipt - client funds,False,Germany
TXN-101392,CUST-10228,MTR-10228-6,Commercial Conveyancing,2025-11-09,Deposit,1530183.65,Trust receipt - client funds,False,Germany
TXN-100227,CUST-10036,MTR-10036-8,Trust Establishment,2025-11-09,Deposit,5370.19,Trust receipt - client funds,False,Singapore
TXN-102191,CUST-10367,MTR-10367-5,Debt Financing Transaction,2025-11-10,Deposit,1968776.12,Trust receipt - client funds,False,Canada
TXN-102227,CUST-10374,MTR-10374-4,Commercial Conveyancing,2025-11-10,Withdrawal,239852.13,Trust disbursement - settlement,False,Germany
TXN-100698,CUST-10114,MTR-10114-1,Debt Financing Transaction,2025-11-10,Deposit,9763.85,Trust receipt - client funds,False,Iran
TXN-100316,CUST-10051,MTR-10051-1,Nominee Director Arrangement,2025-11-10,Withdrawal,4817.51,Trust disbursement - settlement,False,Panama
TXN-102150,CUST-10362,MTR-10362-7,Business Sale & Purchase,2025-11-10,Withdrawal,89709.22,Trust disbursement - settlement,False,United Kingdom
TXN-102470,CUST-10417,MTR-10417-4,Company Formation,2025-11-11,Deposit,1982.25,Trust receipt - client funds,False,Cyprus
TXN-100545,CUST-10088,MTR-10088-3,Nominee Director Arrangement,2025-11-11,Deposit,5022.96,Trust receipt - client funds,False,Cambodia
TXN-102157,CUST-10362,MTR-10362-7,Business Sale & Purchase,2025-11-11,Deposit,542998.75,Trust receipt - client funds,False,United Kingdom
TXN-101171,CUST-10191,MTR-10191-9,Debt Financing Transaction,2025-11-12,Deposit,1524370.43,Trust receipt - client funds,False,United States
TXN-101581,CUST-10265,MTR-10265-4,Residential Conveyancing,2025-11-12,Deposit,389438.98,Trust receipt - client funds,False,Singapore
TXN-101162,CUST-10190,MTR-10190-8,Trust Establishment,2025-11-12,Deposit,24361.64,Trust receipt - client funds,False,Singapore
TXN-100809,CUST-10134,MTR-10134-5,Nominee Shareholder Arrangement,2025-11-13,Withdrawal,1386.11,Trust disbursement - settlement,False,Canada
TXN-101850,CUST-10310,MTR-10310-5,Estate Administration,2025-11-13,Withdrawal,16174.84,Trust disbursement - settlement,False,Japan
TXN-100699,CUST-10114,MTR-10114-1,Debt Financing Transaction,2025-11-13,Deposit,8457.49,Trust receipt - client funds,False,Iran
TXN-101869,CUST-10314,MTR-10314-9,Residential Conveyancing,2025-11-13,Deposit,227113.17,Trust receipt - client funds,False,New Zealand
TXN-100713,CUST-10117,MTR-10117-9,Company Formation,2025-11-13,Withdrawal,2610.13,Trust disbursement - settlement,False,Singapore
TXN-100059,CUST-10009,MTR-10009-8,Nominee Shareholder Arrangement,2025-11-13,Deposit,2060.49,Trust receipt - client funds,False,Canada
TXN-101394,CUST-10228,MTR-10228-6,Commercial Conveyancing,2025-11-13,Deposit,345456.03,Trust receipt - client funds,False,Germany
TXN-101978,CUST-10334,MTR-10334-2,Company Formation,2025-11-13,Deposit,4688.85,Trust receipt - client funds,False,Germany
TXN-101622,CUST-10272,MTR-10272-5,Residential Conveyancing,2025-11-14,Deposit,383162.26,Trust receipt - client funds,False,Germany
TXN-100494,CUST-10082,MTR-10082-7,Estate Administration,2025-11-14,Withdrawal,8874.0,Trust disbursement - settlement,False,Singapore
TXN-101807,CUST-10303,MTR-10303-4,Estate Administration,2025-11-15,Deposit,223199.83,Trust receipt - client funds,False,United States
TXN-100915,CUST-10150,MTR-10150-6,Residential Conveyancing,2025-11-15,Withdrawal,160932.42,Trust disbursement - settlement,False,Japan
TXN-100789,CUST-10130,MTR-10130-6,Debt Financing Transaction,2025-11-15,Withdrawal,193991.28,Trust disbursement - settlement,False,United Kingdom
TXN-101203,CUST-10197,MTR-10197-2,Nominee Shareholder Arrangement,2025-11-15,Deposit,3318.36,Trust receipt - client funds,False,Germany
TXN-100530,CUST-10086,MTR-10086-7,Company Formation,2025-11-15,Deposit,1057.32,Trust receipt - client funds,False,Singapore
TXN-102199,CUST-10369,MTR-10369-2,Company Formation,2025-11-15,Deposit,5867.44,Trust receipt - client funds,False,Vanuatu
TXN-101437,CUST-10237,MTR-10237-6,Business Sale & Purchase,2025-11-15,Deposit,157964.74,Trust receipt - client funds,False,Canada
TXN-100700,CUST-10114,MTR-10114-1,Debt Financing Transaction,2025-11-16,Deposit,9101.14,Trust receipt - client funds,False,Iran
TXN-100991,CUST-10162,MTR-10162-2,Estate Administration,2025-11-16,Withdrawal,5338.31,Trust disbursement - settlement,False,Singapore
TXN-101335,CUST-10220,MTR-10220-9,Nominee Director Arrangement,2025-11-16,Withdrawal,5939.05,Trust disbursement - settlement,False,United Kingdom
TXN-101976,CUST-10334,MTR-10334-2,Company Formation,2025-11-17,Deposit,2794.42,Trust receipt - client funds,False,Germany
TXN-102044,CUST-10345,MTR-10345-5,Company Formation,2025-11-17,Deposit,760.46,Trust receipt - client funds,False,United Kingdom
TXN-102349,CUST-10396,MTR-10396-7,Nominee Director Arrangement,2025-11-17,Deposit,2350.04,Trust receipt - client funds,False,United Kingdom
TXN-102258,CUST-10380,MTR-10380-7,Company Formation,2025-11-18,Deposit,10229.85,Trust receipt - client funds,False,Canada
TXN-101420,CUST-10233,MTR-10233-4,Commercial Conveyancing,2025-11-18,Withdrawal,475278.93,Trust disbursement - settlement,False,Canada
TXN-100702,CUST-10114,MTR-10114-1,Debt Financing Transaction,2025-11-18,Deposit,8687.67,Trust receipt - client funds,False,Iran
TXN-101189,CUST-10194,MTR-10194-5,Debt Financing Transaction,2025-11-18,Withdrawal,75300.11,Trust disbursement - settlement,False,United States
TXN-100258,CUST-10041,MTR-10041-4,Nominee Shareholder Arrangement,2025-11-18,Deposit,2791.88,Trust receipt - client funds,False,United States
TXN-100143,CUST-10024,MTR-10024-9,Commercial Conveyancing,2025-11-18,Deposit,87842.24,Trust receipt - client funds,False,Australia
TXN-101269,CUST-10210,MTR-10210-2,Residential Conveyancing,2025-11-19,Withdrawal,105885.62,Trust disbursement - settlement,False,United States
TXN-100701,CUST-10114,MTR-10114-1,Debt Financing Transaction,2025-11-19,Deposit,8746.61,Trust receipt - client funds,False,Iran
TXN-102444,CUST-10413,MTR-10413-2,Commercial Conveyancing,2025-11-19,Withdrawal,97854.09,Trust disbursement - settlement,False,Australia
TXN-102467,CUST-10417,MTR-10417-4,Company Formation,2025-11-19,Deposit,3592.93,Trust receipt - client funds,False,Cyprus
TXN-102077,CUST-10351,MTR-10351-3,Estate Administration,2025-11-20,Deposit,31665.22,Trust receipt - client funds,False,Japan
TXN-101580,CUST-10265,MTR-10265-4,Residential Conveyancing,2025-11-21,Withdrawal,307540.85,Trust disbursement - settlement,False,Singapore
TXN-100204,CUST-10032,MTR-10032-3,Company Formation,2025-11-21,Deposit,8183.84,Trust receipt - client funds,False,Australia
TXN-101424,CUST-10234,MTR-10234-3,Commercial Conveyancing,2025-11-21,Withdrawal,112353.56,Trust disbursement - settlement,False,Singapore
TXN-100529,CUST-10086,MTR-10086-7,Company Formation,2025-11-22,Deposit,658.7,Trust receipt - client funds,False,Singapore
TXN-102127,CUST-10359,MTR-10359-7,Trust Establishment,2025-11-22,Deposit,16863.65,Trust receipt - international wire,False,Democratic Republic of Congo
TXN-102293,CUST-10388,MTR-10388-2,Trust Establishment,2025-11-23,Withdrawal,18703.88,Trust disbursement - settlement,False,United States
TXN-101123,CUST-10184,MTR-10184-9,Trust Establishment,2025-11-23,Deposit,6453.12,Trust receipt - client funds,False,Australia
TXN-100673,CUST-10111,MTR-10111-8,Nominee Director Arrangement,2025-11-23,Withdrawal,3227.48,Trust disbursement - settlement,False,Japan
TXN-101122,CUST-10184,MTR-10184-9,Trust Establishment,2025-11-24,Withdrawal,1106.92,Trust disbursement - settlement,False,Australia
TXN-101702,CUST-10286,MTR-10286-8,Commercial Conveyancing,2025-11-24,Deposit,1768102.03,Trust receipt - client funds,False,Canada
TXN-100534,CUST-10087,MTR-10087-9,Trust Establishment,2025-11-24,Withdrawal,25563.36,Trust disbursement - settlement,False,Germany
TXN-101828,CUST-10305,MTR-10305-3,Company Formation,2025-11-25,Withdrawal,1421.56,Trust disbursement - settlement,False,United Kingdom
TXN-100450,CUST-10075,MTR-10075-6,Estate Administration,2025-11-25,Deposit,17877.18,Trust receipt - client funds,False,United States
TXN-100703,CUST-10114,MTR-10114-1,Debt Financing Transaction,2025-11-25,Deposit,9799.85,Trust receipt - client funds,False,Iran
TXN-100155,CUST-10025,MTR-10025-5,Business Sale & Purchase,2025-11-25,Deposit,30181.42,Trust receipt - client funds,False,United States
TXN-100390,CUST-10062,MTR-10062-9,Company Formation,2025-11-26,Deposit,11228.15,Trust receipt - client funds,False,Canada
TXN-101370,CUST-10225,MTR-10225-3,Company Formation,2025-11-26,Deposit,1370.96,Trust receipt - client funds,False,United Kingdom
TXN-102228,CUST-10374,MTR-10374-4,Commercial Conveyancing,2025-11-26,Deposit,240220.42,Trust receipt - client funds,False,Germany
TXN-101899,CUST-10319,MTR-10319-6,Business Sale & Purchase,2025-11-26,Withdrawal,809811.98,Trust disbursement - settlement,False,United States
TXN-100524,CUST-10086,MTR-10086-7,Company Formation,2025-11-26,Withdrawal,2005.88,Trust disbursement - settlement,False,Singapore
TXN-101255,CUST-10207,MTR-10207-7,Commercial Conveyancing,2025-11-28,Deposit,973987.42,Trust receipt - client funds,False,Germany
TXN-102423,CUST-10410,MTR-10410-1,Residential Conveyancing,2025-11-28,Deposit,18992.72,Trust receipt - client funds,False,Canada
TXN-100312,CUST-10050,MTR-10050-1,Commercial Conveyancing,2025-11-28,Deposit,151650.86,Trust receipt - client funds,False,Panama
TXN-101357,CUST-10223,MTR-10223-5,Nominee Director Arrangement,2025-11-28,Deposit,3143.1,Trust receipt - client funds,False,Japan
TXN-100748,CUST-10123,MTR-10123-5,Nominee Director Arrangement,2025-11-29,Deposit,5966.0,Trust receipt - client funds,False,Panama
TXN-102138,CUST-10360,MTR-10360-5,Commercial Conveyancing,2025-11-29,Deposit,2289640.78,Trust receipt - client funds,False,Canada
TXN-101695,CUST-10284,MTR-10284-4,Company Formation,2025-11-29,Withdrawal,14977.45,Trust disbursement - settlement,False,Germany
TXN-101504,CUST-10250,MTR-10250-4,Estate Administration,2025-11-30,Deposit,730671.54,Trust receipt - client funds,False,New Zealand
TXN-101664,CUST-10278,MTR-10278-8,Commercial Conveyancing,2025-11-30,Withdrawal,268496.8,Trust disbursement - settlement,False,Singapore
TXN-101557,CUST-10260,MTR-10260-9,Estate Administration,2025-12-01,Deposit,557690.5,Trust receipt - client funds,False,United Arab Emirates
TXN-101334,CUST-10220,MTR-10220-9,Nominee Director Arrangement,2025-12-01,Withdrawal,6896.32,Trust disbursement - settlement,False,United Kingdom
TXN-100142,CUST-10023,MTR-10023-4,Commercial Conveyancing,2025-12-01,Withdrawal,840022.52,Trust disbursement - settlement,False,Canada
TXN-101356,CUST-10223,MTR-10223-5,Nominee Director Arrangement,2025-12-01,Withdrawal,931.21,Trust disbursement - settlement,False,Japan
TXN-102281,CUST-10386,MTR-10386-6,Debt Financing Transaction,2025-12-01,Withdrawal,1469740.31,Trust disbursement - settlement,False,United States
TXN-100922,CUST-10151,MTR-10151-3,Debt Financing Transaction,2025-12-02,Withdrawal,965723.36,Trust disbursement - settlement,False,Singapore
TXN-100622,CUST-10102,MTR-10102-1,Estate Administration,2025-12-02,Deposit,146430.53,Trust receipt - client funds,False,New Zealand
TXN-100246,CUST-10039,MTR-10039-3,Nominee Shareholder Arrangement,2025-12-02,Deposit,7993.74,Trust receipt - client funds,False,New Zealand
TXN-102367,CUST-10399,MTR-10399-3,Estate Administration,2025-12-03,Withdrawal,6321.19,Trust disbursement - settlement,False,Singapore
TXN-101693,CUST-10284,MTR-10284-4,Company Formation,2025-12-03,Withdrawal,2158.29,Trust disbursement - settlement,False,Germany
TXN-102277,CUST-10384,MTR-10384-1,Nominee Shareholder Arrangement,2025-12-03,Deposit,6247.61,Trust receipt - client funds,False,Canada
TXN-101786,CUST-10299,MTR-10299-2,Trust Establishment,2025-12-04,Deposit,35961.85,Trust receipt - client funds,False,Japan
TXN-100794,CUST-10130,MTR-10130-6,Debt Financing Transaction,2025-12-04,Deposit,379620.18,Trust receipt - client funds,False,United Kingdom
TXN-102245,CUST-10377,MTR-10377-1,Nominee Director Arrangement,2025-12-06,Deposit,1182.0,Trust receipt - client funds,False,Germany
TXN-101530,CUST-10254,MTR-10254-9,Nominee Director Arrangement,2025-12-06,Withdrawal,1471.84,Trust disbursement - settlement,False,Australia
TXN-101848,CUST-10310,MTR-10310-5,Estate Administration,2025-12-06,Withdrawal,328040.6,Trust disbursement - settlement,False,Japan
TXN-100102,CUST-10018,MTR-10018-5,Nominee Director Arrangement,2025-12-07,Deposit,2417.03,Trust receipt - client funds,False,Japan
TXN-102172,CUST-10364,MTR-10364-1,Trust Establishment,2025-12-07,Deposit,1514.87,Trust receipt - client funds,False,Cambodia
TXN-100081,CUST-10014,MTR-10014-9,Company Formation,2025-12-08,Deposit,4487.13,Trust receipt - client funds,False,Canada
TXN-100614,CUST-10101,MTR-10101-9,Commercial Conveyancing,2025-12-08,Deposit,108110.06,Trust receipt - client funds,False,United Kingdom
TXN-102159,CUST-10363,MTR-10363-4,Company Formation,2025-12-08,Withdrawal,887.96,Trust disbursement - settlement,False,United Kingdom
TXN-102068,CUST-10350,MTR-10350-7,Residential Conveyancing,2025-12-09,Withdrawal,245178.64,Trust disbursement - settlement,False,United Kingdom
TXN-100503,CUST-10082,MTR-10082-7,Estate Administration,2025-12-09,Deposit,36790.13,Trust receipt - client funds,False,Singapore
TXN-101971,CUST-10333,MTR-10333-3,Nominee Shareholder Arrangement,2025-12-09,Deposit,3254.99,Trust receipt - client funds,False,Cambodia
TXN-102072,CUST-10350,MTR-10350-7,Residential Conveyancing,2025-12-09,Withdrawal,76247.49,Trust disbursement - settlement,False,United Kingdom
TXN-100709,CUST-10116,MTR-10116-9,Trust Establishment,2025-12-10,Withdrawal,10896.66,Trust disbursement - settlement,False,Australia
TXN-101822,CUST-10305,MTR-10305-3,Company Formation,2025-12-10,Deposit,5191.55,Trust receipt - client funds,False,United Kingdom
TXN-100784,CUST-10128,MTR-10128-8,Trust Establishment,2025-12-10,Deposit,3076.91,Trust receipt - client funds,False,Australia
TXN-102026,CUST-10341,MTR-10341-3,Debt Financing Transaction,2025-12-11,Withdrawal,836470.9,Trust disbursement - settlement,False,Australia
TXN-102231,CUST-10375,MTR-10375-8,Residential Conveyancing,2025-12-11,Withdrawal,589683.76,Trust disbursement - settlement,False,United States
TXN-101128,CUST-10184,MTR-10184-9,Trust Establishment,2025-12-11,Withdrawal,4183.87,Trust disbursement - settlement,False,Australia
TXN-101738,CUST-10292,MTR-10292-4,Company Formation,2025-12-12,Deposit,2024.69,Trust receipt - client funds,False,Germany
TXN-102262,CUST-10381,MTR-10381-3,Debt Financing Transaction,2025-12-12,Deposit,451383.88,Trust receipt - client funds,False,United States
TXN-100814,CUST-10134,MTR-10134-5,Nominee Shareholder Arrangement,2025-12-12,Withdrawal,515.53,Trust disbursement - settlement,False,Canada
TXN-100793,CUST-10130,MTR-10130-6,Debt Financing Transaction,2025-12-13,Deposit,1745573.71,Trust receipt - client funds,False,United Kingdom
TXN-100951,CUST-10155,MTR-10155-1,Nominee Shareholder Arrangement,2025-12-13,Withdrawal,760.48,Trust disbursement - settlement,False,Singapore
TXN-102436,CUST-10413,MTR-10413-2,Commercial Conveyancing,2025-12-13,Withdrawal,470951.13,Trust disbursement - settlement,False,Australia
TXN-102114,CUST-10356,MTR-10356-4,Trust Establishment,2025-12-14,Withdrawal,10973.47,Trust disbursement - settlement,False,United Kingdom
TXN-102096,CUST-10353,MTR-10353-4,Residential Conveyancing,2025-12-14,Withdrawal,16522.54,Trust disbursement - settlement,False,Germany
TXN-101777,CUST-10298,MTR-10298-7,Nominee Shareholder Arrangement,2025-12-14,Withdrawal,5146.65,Trust disbursement - settlement,False,Germany
TXN-102234,CUST-10375,MTR-10375-8,Residential Conveyancing,2025-12-14,Deposit,135209.63,Trust receipt - client funds,False,United States
TXN-101371,CUST-10226,MTR-10226-3,Trust Establishment,2025-12-14,Deposit,5491.58,Trust receipt - client funds,False,Panama
TXN-100442,CUST-10074,MTR-10074-3,Nominee Director Arrangement,2025-12-15,Withdrawal,6063.18,Trust disbursement - settlement,False,Germany
TXN-101804,CUST-10303,MTR-10303-4,Estate Administration,2025-12-15,Deposit,78919.22,Trust receipt - client funds,False,United States
TXN-100287,CUST-10045,MTR-10045-1,Residential Conveyancing,2025-12-15,Deposit,617564.49,Trust receipt - client funds,False,Australia
TXN-100848,CUST-10139,MTR-10139-2,Nominee Director Arrangement,2025-12-16,Withdrawal,627.93,Trust disbursement - settlement,False,United Kingdom
TXN-100003,CUST-10000,MTR-10000-9,Company Formation,2025-12-16,Withdrawal,5557.49,Trust disbursement - settlement,False,Canada
TXN-100226,CUST-10036,MTR-10036-8,Trust Establishment,2025-12-16,Withdrawal,26684.31,Trust disbursement - settlement,False,Singapore
TXN-102464,CUST-10416,MTR-10416-2,Commercial Conveyancing,2025-12-16,Withdrawal,576847.69,Trust disbursement - settlement,False,Germany
TXN-101940,CUST-10329,MTR-10329-2,Residential Conveyancing,2025-12-18,Withdrawal,53556.14,Trust disbursement - settlement,False,Germany
TXN-101953,CUST-10330,MTR-10330-9,Trust Establishment,2025-12-18,Withdrawal,22997.78,Trust disbursement - settlement,False,Singapore
TXN-101125,CUST-10184,MTR-10184-9,Trust Establishment,2025-12-18,Deposit,4125.93,Trust receipt - client funds,False,Australia
TXN-102042,CUST-10344,MTR-10344-7,Business Sale & Purchase,2025-12-19,Deposit,351451.17,Trust receipt - client funds,False,Panama
TXN-101471,CUST-10243,MTR-10243-7,Business Sale & Purchase,2025-12-19,Deposit,186716.41,Trust receipt - client funds,False,Australia
TXN-100434,CUST-10072,MTR-10072-5,Nominee Shareholder Arrangement,2025-12-19,Deposit,1022.11,Trust receipt - client funds,False,United Kingdom
TXN-102155,CUST-10362,MTR-10362-7,Business Sale & Purchase,2025-12-19,Withdrawal,96080.74,Trust disbursement - settlement,False,United Kingdom
TXN-101378,CUST-10226,MTR-10226-3,Trust Establishment,2025-12-19,Withdrawal,2054.88,Trust disbursement - settlement,False,Panama
TXN-102170,CUST-10364,MTR-10364-1,Trust Establishment,2025-12-19,Deposit,25624.69,Trust receipt - client funds,False,Cambodia
TXN-102256,CUST-10380,MTR-10380-7,Company Formation,2025-12-20,Withdrawal,12150.79,Trust disbursement - settlement,False,Canada
TXN-100821,CUST-10136,MTR-10136-3,Commercial Conveyancing,2025-12-20,Deposit,114874.64,Trust receipt - client funds,False,Singapore
TXN-100338,CUST-10054,MTR-10054-1,Business Sale & Purchase,2025-12-20,Withdrawal,648702.5,Trust disbursement - settlement,False,Singapore
TXN-102354,CUST-10397,MTR-10397-7,Debt Financing Transaction,2025-12-21,Deposit,1491845.05,Trust receipt - client funds,False,Canada
TXN-101139,CUST-10186,MTR-10186-1,Nominee Director Arrangement,2025-12-21,Withdrawal,1156.15,Trust disbursement - settlement,False,United Kingdom
TXN-102478,CUST-10418,MTR-10418-9,Company Formation,2025-12-21,Deposit,1561.8,Trust receipt - client funds,False,Australia
TXN-100826,CUST-10136,MTR-10136-3,Commercial Conveyancing,2025-12-22,Deposit,463126.45,Trust receipt - client funds,False,Singapore
TXN-101960,CUST-10332,MTR-10332-6,Trust Establishment,2025-12-22,Deposit,12715.01,Trust receipt - client funds,False,Japan
TXN-101556,CUST-10260,MTR-10260-9,Estate Administration,2025-12-22,Deposit,45407.17,Trust receipt - client funds,False,United Arab Emirates
TXN-100218,CUST-10035,MTR-10035-5,Estate Administration,2025-12-22,Withdrawal,511376.26,Trust disbursement - settlement,False,Canada
TXN-102469,CUST-10417,MTR-10417-4,Company Formation,2025-12-22,Deposit,1291.51,Trust receipt - client funds,False,Cyprus
TXN-100067,CUST-10010,MTR-10010-9,Nominee Shareholder Arrangement,2025-12-22,Deposit,1101.42,Trust receipt - client funds,False,Singapore
TXN-101292,CUST-10213,MTR-10213-8,Business Sale & Purchase,2025-12-22,Withdrawal,147079.56,Trust disbursement - settlement,False,Democratic Republic of Congo
TXN-102385,CUST-10403,MTR-10403-6,Company Formation,2025-12-22,Deposit,1802.29,Trust receipt - client funds,False,Germany
TXN-100762,CUST-10126,MTR-10126-1,Residential Conveyancing,2025-12-22,Deposit,75200.88,Trust receipt - client funds,False,Cyprus
TXN-102000,CUST-10337,MTR-10337-4,Company Formation,2025-12-23,Deposit,12213.12,Trust receipt - client funds,False,United Kingdom
TXN-100928,CUST-10151,MTR-10151-3,Debt Financing Transaction,2025-12-23,Deposit,312126.44,Trust receipt - client funds,False,Singapore
TXN-100930,CUST-10152,MTR-10152-4,Estate Administration,2025-12-23,Withdrawal,6724.25,Trust disbursement - settlement,False,New Zealand
TXN-101559,CUST-10261,MTR-10261-7,Residential Conveyancing,2025-12-24,Deposit,373390.64,Trust receipt - client funds,False,New Zealand
TXN-101814,CUST-10304,MTR-10304-6,Trust Establishment,2025-12-24,Withdrawal,3319.0,Trust disbursement - settlement,False,Japan
TXN-100294,CUST-10047,MTR-10047-6,Residential Conveyancing,2025-12-25,Deposit,118366.68,Trust receipt - client funds,False,Panama
TXN-101059,CUST-10171,MTR-10171-6,Nominee Director Arrangement,2025-12-25,Withdrawal,1452.0,Trust disbursement - settlement,False,United States
TXN-102071,CUST-10350,MTR-10350-7,Residential Conveyancing,2025-12-25,Withdrawal,137387.27,Trust disbursement - settlement,False,United Kingdom
TXN-102146,CUST-10361,MTR-10361-4,Estate Administration,2025-12-26,Withdrawal,25927.58,Trust disbursement - settlement,False,Australia
TXN-101060,CUST-10171,MTR-10171-6,Nominee Director Arrangement,2025-12-26,Deposit,1932.77,Trust receipt - client funds,False,United States
TXN-102133,CUST-10359,MTR-10359-7,Trust Establishment,2025-12-26,Deposit,14736.63,Trust receipt - client funds,False,Democratic Republic of Congo
TXN-101287,CUST-10212,MTR-10212-7,Estate Administration,2025-12-26,Withdrawal,723389.98,Trust disbursement - settlement,False,United States
TXN-101136,CUST-10186,MTR-10186-1,Nominee Director Arrangement,2025-12-27,Deposit,4134.2,Trust receipt - client funds,False,United Kingdom
TXN-102329,CUST-10392,MTR-10392-2,Commercial Conveyancing,2025-12-28,Deposit,833520.15,Trust receipt - client funds,False,Australia
TXN-102055,CUST-10347,MTR-10347-3,Commercial Conveyancing,2025-12-28,Deposit,115019.49,Trust receipt - client funds,False,Australia
TXN-101206,CUST-10197,MTR-10197-2,Nominee Shareholder Arrangement,2025-12-29,Withdrawal,4891.03,Trust disbursement - settlement,False,Germany
TXN-100783,CUST-10128,MTR-10128-8,Trust Establishment,2025-12-29,Deposit,18436.4,Trust receipt - client funds,False,Australia
TXN-100964,CUST-10157,MTR-10157-6,Nominee Director Arrangement,2025-12-29,Deposit,4423.27,Trust receipt - client funds,False,Australia
TXN-101290,CUST-10213,MTR-10213-8,Business Sale & Purchase,2025-12-29,Deposit,164169.95,Trust receipt - client funds,False,Democratic Republic of Congo
TXN-101992,CUST-10336,MTR-10336-1,Debt Financing Transaction,2025-12-29,Deposit,383613.33,Trust receipt - client funds,False,Canada
TXN-101656,CUST-10278,MTR-10278-8,Commercial Conveyancing,2025-12-29,Deposit,486548.56,Trust receipt - client funds,False,Singapore
TXN-101627,CUST-10272,MTR-10272-5,Residential Conveyancing,2025-12-29,Deposit,763396.1,Trust receipt - client funds,False,Germany
TXN-101857,CUST-10312,MTR-10312-4,Debt Financing Transaction,2025-12-30,Deposit,825645.12,Trust receipt - client funds,False,Germany
TXN-100461,CUST-10077,MTR-10077-5,Commercial Conveyancing,2025-12-30,Deposit,1641878.59,Trust receipt - client funds,False,Japan
TXN-101485,CUST-10246,MTR-10246-3,Business Sale & Purchase,2025-12-30,Deposit,240944.87,Trust receipt - client funds,False,Australia
TXN-101108,CUST-10182,MTR-10182-8,Nominee Shareholder Arrangement,2025-12-30,Withdrawal,1399.28,Trust disbursement - settlement,False,Germany
TXN-101016,CUST-10164,MTR-10164-6,Business Sale & Purchase,2025-12-30,Withdrawal,78439.56,Trust disbursement - settlement,False,Singapore
TXN-102136,CUST-10360,MTR-10360-5,Commercial Conveyancing,2025-12-30,Withdrawal,166459.95,Trust disbursement - settlement,False,Canada
TXN-101111,CUST-10182,MTR-10182-8,Nominee Shareholder Arrangement,2025-12-31,Deposit,3372.04,Trust receipt - client funds,False,Germany
TXN-101491,CUST-10246,MTR-10246-3,Business Sale & Purchase,2025-12-31,Deposit,841303.67,Trust receipt - client funds,False,Australia
TXN-101418,CUST-10233,MTR-10233-4,Commercial Conveyancing,2025-12-31,Withdrawal,212068.62,Trust disbursement - settlement,False,Canada
TXN-100175,CUST-10028,MTR-10028-8,Nominee Shareholder Arrangement,2025-12-31,Withdrawal,5203.57,Trust disbursement - settlement,False,United States
TXN-102047,CUST-10345,MTR-10345-5,Company Formation,2025-12-31,Deposit,1690.39,Trust receipt - client funds,False,United Kingdom
TXN-101415,CUST-10232,MTR-10232-1,Company Formation,2025-12-31,Deposit,2918.46,Trust receipt - client funds,False,Cambodia
TXN-101965,CUST-10333,MTR-10333-3,Nominee Shareholder Arrangement,2025-12-31,Withdrawal,529.88,Trust disbursement - settlement,False,Cambodia
TXN-100601,CUST-10098,MTR-10098-7,Nominee Director Arrangement,2026-01-01,Deposit,637.93,Trust receipt - client funds,False,Japan
TXN-100765,CUST-10126,MTR-10126-1,Residential Conveyancing,2026-01-01,Deposit,633034.97,Trust receipt - client funds,False,Cyprus
TXN-102141,CUST-10360,MTR-10360-5,Commercial Conveyancing,2026-01-01,Withdrawal,2188417.87,Trust disbursement - settlement,False,Canada
TXN-102010,CUST-10339,MTR-10339-7,Business Sale & Purchase,2026-01-02,Deposit,35570.99,Trust receipt - client funds,False,United States
TXN-101767,CUST-10297,MTR-10297-4,Nominee Director Arrangement,2026-01-02,Withdrawal,578.77,Trust disbursement - settlement,False,Singapore
TXN-101367,CUST-10225,MTR-10225-3,Company Formation,2026-01-02,Deposit,577.61,Trust receipt - client funds,False,United Kingdom
TXN-100183,CUST-10029,MTR-10029-2,Debt Financing Transaction,2026-01-02,Withdrawal,197226.51,Trust disbursement - settlement,False,United Kingdom
TXN-100119,CUST-10020,MTR-10020-9,Commercial Conveyancing,2026-01-02,Withdrawal,623905.79,Trust disbursement - settlement,False,New Zealand
TXN-100117,CUST-10020,MTR-10020-9,Commercial Conveyancing,2026-01-02,Deposit,257524.2,Trust receipt - client funds,False,New Zealand
TXN-100605,CUST-10100,MTR-10100-2,Estate Administration,2026-01-02,Withdrawal,196004.16,Trust disbursement - settlement,False,United States
TXN-100140,CUST-10023,MTR-10023-4,Commercial Conveyancing,2026-01-03,Deposit,568004.77,Trust receipt - client funds,False,Canada
TXN-101022,CUST-10166,MTR-10166-2,Trust Establishment,2026-01-04,Withdrawal,5464.14,Trust disbursement - settlement,False,Canada
TXN-101076,CUST-10174,MTR-10174-4,Nominee Shareholder Arrangement,2026-01-04,Withdrawal,1302.15,Trust disbursement - settlement,False,United Arab Emirates
TXN-101497,CUST-10247,MTR-10247-4,Nominee Shareholder Arrangement,2026-01-04,Withdrawal,3809.51,Trust disbursement - settlement,False,United Kingdom
TXN-102348,CUST-10396,MTR-10396-7,Nominee Director Arrangement,2026-01-04,Deposit,1077.0,Trust receipt - client funds,False,United Kingdom
TXN-101252,CUST-10207,MTR-10207-7,Commercial Conveyancing,2026-01-04,Withdrawal,443198.49,Trust disbursement - settlement,False,Germany
TXN-101975,CUST-10334,MTR-10334-2,Company Formation,2026-01-04,Deposit,1585.5,Trust receipt - client funds,False,Germany
TXN-101897,CUST-10319,MTR-10319-6,Business Sale & Purchase,2026-01-05,Deposit,42739.67,Trust receipt - client funds,False,United States
TXN-102120,CUST-10358,MTR-10358-9,Nominee Director Arrangement,2026-01-05,Withdrawal,1017.31,Trust disbursement - settlement,False,New Zealand
TXN-101678,CUST-10281,MTR-10281-3,Commercial Conveyancing,2026-01-06,Deposit,623868.15,Trust receipt - client funds,False,Japan
TXN-100665,CUST-10110,MTR-10110-7,Commercial Conveyancing,2026-01-07,Deposit,81471.2,Trust receipt - client funds,False,United Arab Emirates
TXN-100061,CUST-10009,MTR-10009-8,Nominee Shareholder Arrangement,2026-01-07,Withdrawal,925.58,Trust disbursement - settlement,False,Canada
TXN-101266,CUST-10209,MTR-10209-5,Estate Administration,2026-01-07,Withdrawal,5651.75,Trust disbursement - settlement,False,United Kingdom
TXN-102103,CUST-10355,MTR-10355-4,Business Sale & Purchase,2026-01-07,Deposit,56384.55,Trust receipt - client funds,False,Japan
TXN-101318,CUST-10217,MTR-10217-8,Nominee Shareholder Arrangement,2026-01-08,Deposit,694.48,Trust receipt - client funds,False,Singapore
TXN-102377,CUST-10402,MTR-10402-4,Commercial Conveyancing,2026-01-08,Deposit,479849.74,Trust receipt - client funds,False,Cambodia
TXN-100751,CUST-10124,MTR-10124-4,Estate Administration,2026-01-08,Deposit,7103.21,Trust receipt - client funds,False,Germany
TXN-101564,CUST-10262,MTR-10262-2,Company Formation,2026-01-08,Withdrawal,3787.09,Trust disbursement - settlement,False,Australia
TXN-100714,CUST-10117,MTR-10117-9,Company Formation,2026-01-09,Deposit,1197.46,Trust receipt - client funds,False,Singapore
TXN-102140,CUST-10360,MTR-10360-5,Commercial Conveyancing,2026-01-09,Withdrawal,1278450.43,Trust disbursement - settlement,False,Canada
TXN-100277,CUST-10043,MTR-10043-8,Residential Conveyancing,2026-01-09,Withdrawal,60556.29,Trust disbursement - settlement,False,Cambodia
TXN-100432,CUST-10072,MTR-10072-5,Nominee Shareholder Arrangement,2026-01-09,Deposit,2244.72,Trust receipt - client funds,False,United Kingdom
TXN-100504,CUST-10082,MTR-10082-7,Estate Administration,2026-01-10,Withdrawal,170513.92,Trust disbursement - settlement,False,Singapore
TXN-101149,CUST-10188,MTR-10188-6,Company Formation,2026-01-10,Deposit,1084.89,Trust receipt - client funds,False,Japan
TXN-102340,CUST-10395,MTR-10395-2,Nominee Shareholder Arrangement,2026-01-10,Deposit,3174.97,Trust receipt - client funds,False,United Kingdom
TXN-100682,CUST-10112,MTR-10112-9,Company Formation,2026-01-11,Deposit,4684.76,Trust receipt - client funds,False,Canada
TXN-102193,CUST-10367,MTR-10367-5,Debt Financing Transaction,2026-01-11,Deposit,1492701.13,Trust receipt - client funds,False,Canada
TXN-101534,CUST-10255,MTR-10255-5,Trust Establishment,2026-01-11,Withdrawal,39586.39,Trust disbursement - settlement,False,Democratic People's Republic of Korea
TXN-102151,CUST-10362,MTR-10362-7,Business Sale & Purchase,2026-01-11,Deposit,667915.49,Trust receipt - client funds,False,United Kingdom
TXN-101821,CUST-10305,MTR-10305-3,Company Formation,2026-01-11,Withdrawal,4711.3,Trust disbursement - settlement,False,United Kingdom
TXN-102066,CUST-10349,MTR-10349-9,Trust Establishment,2026-01-12,Deposit,4532.32,Trust receipt - client funds,False,Myanmar
TXN-102070,CUST-10350,MTR-10350-7,Residential Conveyancing,2026-01-12,Withdrawal,80381.75,Trust disbursement - settlement,False,United Kingdom
TXN-102196,CUST-10367,MTR-10367-5,Debt Financing Transaction,2026-01-12,Withdrawal,106213.11,Trust disbursement - settlement,False,Canada
TXN-101129,CUST-10185,MTR-10185-1,Debt Financing Transaction,2026-01-12,Withdrawal,145330.74,Trust disbursement - settlement,False,Singapore
TXN-101057,CUST-10171,MTR-10171-6,Nominee Director Arrangement,2026-01-12,Withdrawal,2069.75,Trust disbursement - settlement,False,United States
TXN-101280,CUST-10211,MTR-10211-9,Trust Establishment,2026-01-12,Withdrawal,10443.3,Trust disbursement - settlement,False,United Kingdom
TXN-100433,CUST-10072,MTR-10072-5,Nominee Shareholder Arrangement,2026-01-12,Deposit,2895.7,Trust receipt - client funds,False,United Kingdom
TXN-101319,CUST-10217,MTR-10217-8,Nominee Shareholder Arrangement,2026-01-12,Deposit,1113.84,Trust receipt - client funds,False,Singapore
TXN-102200,CUST-10369,MTR-10369-2,Company Formation,2026-01-13,Deposit,11774.22,Trust receipt - client funds,False,Vanuatu
TXN-100359,CUST-10057,MTR-10057-6,Business Sale & Purchase,2026-01-13,Withdrawal,101440.9,Trust disbursement - settlement,False,United Kingdom
TXN-101683,CUST-10281,MTR-10281-3,Commercial Conveyancing,2026-01-13,Deposit,180447.57,Trust receipt - client funds,False,Japan
TXN-102280,CUST-10386,MTR-10386-6,Debt Financing Transaction,2026-01-13,Withdrawal,92316.52,Trust disbursement - settlement,False,United States
TXN-101096,CUST-10179,MTR-10179-9,Nominee Shareholder Arrangement,2026-01-13,Deposit,6290.38,Trust receipt - client funds,False,Australia
TXN-102272,CUST-10383,MTR-10383-6,Nominee Director Arrangement,2026-01-13,Deposit,3387.42,Trust receipt - client funds,False,Canada
TXN-100389,CUST-10062,MTR-10062-9,Company Formation,2026-01-13,Withdrawal,2078.61,Trust disbursement - settlement,False,Canada
TXN-101267,CUST-10210,MTR-10210-2,Residential Conveyancing,2026-01-14,Deposit,37693.17,Trust receipt - client funds,False,United States
TXN-100815,CUST-10134,MTR-10134-5,Nominee Shareholder Arrangement,2026-01-14,Deposit,1585.15,Trust receipt - client funds,False,Canada
TXN-102401,CUST-10407,MTR-10407-2,Nominee Shareholder Arrangement,2026-01-15,Withdrawal,550.08,Trust disbursement - settlement,False,Australia
TXN-102286,CUST-10386,MTR-10386-6,Debt Financing Transaction,2026-01-15,Deposit,1675834.63,Trust receipt - client funds,False,United States
TXN-100332,CUST-10054,MTR-10054-1,Business Sale & Purchase,2026-01-15,Deposit,52504.9,Trust receipt - client funds,False,Singapore
TXN-101558,CUST-10260,MTR-10260-9,Estate Administration,2026-01-15,Deposit,69586.93,Trust receipt - client funds,False,United Arab Emirates
TXN-101074,CUST-10174,MTR-10174-4,Nominee Shareholder Arrangement,2026-01-15,Deposit,2766.89,Trust receipt - client funds,False,United Arab Emirates
TXN-101661,CUST-10278,MTR-10278-8,Commercial Conveyancing,2026-01-15,Deposit,303445.37,Trust receipt - client funds,False,Singapore
TXN-101513,CUST-10251,MTR-10251-3,Company Formation,2026-01-15,Deposit,1574.22,Trust receipt - client funds,False,Singapore
TXN-101998,CUST-10337,MTR-10337-4,Company Formation,2026-01-16,Withdrawal,3791.94,Trust disbursement - settlement,False,United Kingdom
TXN-101034,CUST-10167,MTR-10167-4,Company Formation,2026-01-16,Deposit,1302.6,Trust receipt - client funds,False,Panama
TXN-100056,CUST-10009,MTR-10009-8,Nominee Shareholder Arrangement,2026-01-16,Withdrawal,4830.12,Trust disbursement - settlement,False,Canada
TXN-102051,CUST-10346,MTR-10346-3,Nominee Shareholder Arrangement,2026-01-16,Deposit,3208.14,Trust receipt - client funds,False,Canada
TXN-100217,CUST-10035,MTR-10035-5,Estate Administration,2026-01-16,Deposit,6256.15,Trust receipt - client funds,False,Canada
TXN-100260,CUST-10041,MTR-10041-4,Nominee Shareholder Arrangement,2026-01-17,Withdrawal,902.41,Trust disbursement - settlement,False,United States
TXN-100687,CUST-10113,MTR-10113-5,Trust Establishment,2026-01-17,Deposit,7452.54,Trust receipt - client funds,False,United Kingdom
TXN-100203,CUST-10032,MTR-10032-3,Company Formation,2026-01-17,Withdrawal,640.4,Trust disbursement - settlement,False,Australia
TXN-102207,CUST-10370,MTR-10370-3,Nominee Director Arrangement,2026-01-18,Deposit,557.03,Trust receipt - client funds,False,United States
TXN-101845,CUST-10310,MTR-10310-5,Estate Administration,2026-01-18,Withdrawal,6501.69,Trust disbursement - settlement,False,Japan
TXN-100778,CUST-10128,MTR-10128-8,Trust Establishment,2026-01-19,Deposit,20398.75,Trust receipt - client funds,False,Australia
TXN-100106,CUST-10019,MTR-10019-3,Nominee Shareholder Arrangement,2026-01-19,Deposit,3705.86,Trust receipt - client funds,False,United States
TXN-101393,CUST-10228,MTR-10228-6,Commercial Conveyancing,2026-01-19,Withdrawal,614553.76,Trust disbursement - settlement,False,Germany
TXN-100831,CUST-10137,MTR-10137-8,Estate Administration,2026-01-19,Deposit,136783.27,Trust receipt - client funds,False,Panama
TXN-101561,CUST-10261,MTR-10261-7,Residential Conveyancing,2026-01-19,Deposit,245484.07,Trust receipt - client funds,False,New Zealand
TXN-101790,CUST-10300,MTR-10300-7,Company Formation,2026-01-20,Withdrawal,4747.84,Trust disbursement - settlement,False,Myanmar
TXN-100487,CUST-10080,MTR-10080-3,Company Formation,2026-01-20,Deposit,3132.31,Trust receipt - client funds,False,Japan
TXN-100727,CUST-10119,MTR-10119-6,Company Formation,2026-01-20,Deposit,10116.96,Trust receipt - client funds,False,United Kingdom
TXN-100231,CUST-10036,MTR-10036-8,Trust Establishment,2026-01-20,Deposit,5531.88,Trust receipt - client funds,False,Singapore
TXN-100963,CUST-10157,MTR-10157-6,Nominee Director Arrangement,2026-01-20,Deposit,577.47,Trust receipt - client funds,False,Australia
TXN-100021,CUST-10003,MTR-10003-8,Business Sale & Purchase,2026-01-21,Deposit,89579.67,Trust receipt - client funds,False,Singapore
TXN-100828,CUST-10137,MTR-10137-8,Estate Administration,2026-01-21,Withdrawal,6104.24,Trust disbursement - settlement,False,Panama
TXN-102479,CUST-10418,MTR-10418-9,Company Formation,2026-01-21,Withdrawal,3484.9,Trust disbursement - settlement,False,Australia
TXN-100185,CUST-10030,MTR-10030-7,Nominee Director Arrangement,2026-01-21,Deposit,5988.08,Trust receipt - client funds,False,New Zealand
TXN-100152,CUST-10025,MTR-10025-5,Business Sale & Purchase,2026-01-22,Withdrawal,556551.06,Trust disbursement - settlement,False,United States
TXN-101747,CUST-10293,MTR-10293-3,Residential Conveyancing,2026-01-22,Deposit,291512.43,Trust receipt - client funds,False,Cambodia
TXN-100190,CUST-10030,MTR-10030-7,Nominee Director Arrangement,2026-01-22,Withdrawal,1211.89,Trust disbursement - settlement,False,New Zealand
TXN-102190,CUST-10366,MTR-10366-2,Trust Establishment,2026-01-22,Deposit,20610.81,Trust receipt - client funds,False,Democratic People's Republic of Korea
TXN-100377,CUST-10060,MTR-10060-7,Business Sale & Purchase,2026-01-23,Deposit,1105963.56,Trust receipt - client funds,False,Australia
TXN-101562,CUST-10261,MTR-10261-7,Residential Conveyancing,2026-01-23,Deposit,43559.05,Trust receipt - client funds,False,New Zealand
TXN-100187,CUST-10030,MTR-10030-7,Nominee Director Arrangement,2026-01-23,Withdrawal,515.25,Trust disbursement - settlement,False,New Zealand
TXN-100777,CUST-10128,MTR-10128-8,Trust Establishment,2026-01-23,Deposit,1536.12,Trust receipt - client funds,False,Australia
TXN-101640,CUST-10275,MTR-10275-9,Estate Administration,2026-01-23,Withdrawal,18939.31,Trust disbursement - settlement,False,United Kingdom
TXN-102420,CUST-10410,MTR-10410-1,Residential Conveyancing,2026-01-24,Deposit,90276.41,Trust receipt - client funds,False,Canada
TXN-100659,CUST-10109,MTR-10109-8,Estate Administration,2026-01-24,Deposit,6133.39,Trust receipt - client funds,False,Canada
TXN-100416,CUST-10070,MTR-10070-9,Trust Establishment,2026-01-25,Deposit,1370.85,Trust receipt - client funds,False,Germany
TXN-101833,CUST-10306,MTR-10306-2,Trust Establishment,2026-01-25,Withdrawal,11484.52,Trust disbursement - settlement,False,Singapore
TXN-101948,CUST-10329,MTR-10329-2,Residential Conveyancing,2026-01-25,Withdrawal,508744.62,Trust disbursement - settlement,False,Germany
TXN-100890,CUST-10146,MTR-10146-4,Residential Conveyancing,2026-01-25,Withdrawal,56144.8,Trust disbursement - settlement,False,United Kingdom
TXN-101462,CUST-10242,MTR-10242-2,Company Formation,2026-01-26,Withdrawal,1247.67,Trust disbursement - settlement,False,Japan
TXN-100486,CUST-10080,MTR-10080-3,Company Formation,2026-01-26,Deposit,1461.14,Trust receipt - client funds,False,Japan
TXN-101010,CUST-10164,MTR-10164-6,Business Sale & Purchase,2026-01-26,Deposit,415272.88,Trust receipt - client funds,False,Singapore
TXN-102147,CUST-10362,MTR-10362-7,Business Sale & Purchase,2026-01-26,Deposit,351671.2,Trust receipt - client funds,False,United Kingdom
TXN-100195,CUST-10031,MTR-10031-7,Commercial Conveyancing,2026-01-26,Withdrawal,495656.69,Trust disbursement - settlement,False,Democratic People's Republic of Korea
TXN-101662,CUST-10278,MTR-10278-8,Commercial Conveyancing,2026-01-27,Deposit,1907799.09,Trust receipt - client funds,False,Singapore
TXN-100483,CUST-10080,MTR-10080-3,Company Formation,2026-01-27,Withdrawal,1588.57,Trust disbursement - settlement,False,Japan
TXN-100606,CUST-10100,MTR-10100-2,Estate Administration,2026-01-27,Withdrawal,5891.22,Trust disbursement - settlement,False,United States
TXN-100191,CUST-10030,MTR-10030-7,Nominee Director Arrangement,2026-01-27,Deposit,6965.6,Trust receipt - client funds,False,New Zealand
TXN-100444,CUST-10074,MTR-10074-3,Nominee Director Arrangement,2026-01-27,Withdrawal,2620.16,Trust disbursement - settlement,False,Germany
TXN-101536,CUST-10256,MTR-10256-8,Residential Conveyancing,2026-01-28,Withdrawal,66692.34,Trust disbursement - settlement,False,Japan
TXN-100588,CUST-10095,MTR-10095-2,Company Formation,2026-01-28,Withdrawal,1248.26,Trust disbursement - settlement,False,Democratic People's Republic of Korea
TXN-102424,CUST-10410,MTR-10410-1,Residential Conveyancing,2026-01-28,Deposit,50346.09,Trust receipt - client funds,False,Canada
TXN-101375,CUST-10226,MTR-10226-3,Trust Establishment,2026-01-28,Withdrawal,24014.89,Trust disbursement - settlement,False,Panama
TXN-101601,CUST-10269,MTR-10269-1,Residential Conveyancing,2026-01-29,Deposit,671716.28,Trust receipt - client funds,False,Australia
TXN-100962,CUST-10157,MTR-10157-6,Nominee Director Arrangement,2026-01-29,Withdrawal,1786.28,Trust disbursement - settlement,False,Australia
TXN-102117,CUST-10357,MTR-10357-8,Commercial Conveyancing,2026-01-29,Deposit,434174.42,Trust receipt - client funds,False,New Zealand
TXN-101133,CUST-10186,MTR-10186-1,Nominee Director Arrangement,2026-01-29,Deposit,766.62,Trust receipt - client funds,False,United Kingdom
TXN-100250,CUST-10039,MTR-10039-3,Nominee Shareholder Arrangement,2026-01-30,Withdrawal,6864.06,Trust disbursement - settlement,False,New Zealand
TXN-102014,CUST-10339,MTR-10339-7,Business Sale & Purchase,2026-01-30,Withdrawal,151380.48,Trust disbursement - settlement,False,United States
TXN-102249,CUST-10378,MTR-10378-7,Commercial Conveyancing,2026-01-31,Deposit,219803.88,Trust receipt - client funds,False,Germany
TXN-100240,CUST-10038,MTR-10038-6,Trust Establishment,2026-01-31,Deposit,19886.35,Trust receipt - client funds,False,New Zealand
TXN-100592,CUST-10096,MTR-10096-2,Estate Administration,2026-01-31,Deposit,38383.97,Trust receipt - client funds,False,United Kingdom
TXN-100905,CUST-10148,MTR-10148-4,Debt Financing Transaction,2026-01-31,Deposit,904528.07,Trust receipt - client funds,False,United Kingdom
TXN-101118,CUST-10183,MTR-10183-8,Residential Conveyancing,2026-02-01,Deposit,59331.04,Trust receipt - client funds,False,New Zealand
TXN-102285,CUST-10386,MTR-10386-6,Debt Financing Transaction,2026-02-01,Withdrawal,174496.03,Trust disbursement - settlement,False,United States
TXN-100072,CUST-10012,MTR-10012-3,Estate Administration,2026-02-01,Deposit,219430.16,Trust receipt - client funds,False,United Kingdom
TXN-101474,CUST-10243,MTR-10243-7,Business Sale & Purchase,2026-02-01,Withdrawal,571783.01,Trust disbursement - settlement,False,Australia
TXN-101114,CUST-10182,MTR-10182-8,Nominee Shareholder Arrangement,2026-02-01,Withdrawal,1649.6,Trust disbursement - settlement,False,Germany
TXN-100307,CUST-10050,MTR-10050-1,Commercial Conveyancing,2026-02-01,Deposit,140598.12,Trust receipt - client funds,False,Panama
TXN-101120,CUST-10183,MTR-10183-8,Residential Conveyancing,2026-02-01,Withdrawal,78397.99,Trust disbursement - settlement,False,New Zealand
TXN-101446,CUST-10239,MTR-10239-4,Commercial Conveyancing,2026-02-02,Withdrawal,768457.86,Trust disbursement - settlement,False,Germany
TXN-102206,CUST-10370,MTR-10370-3,Nominee Director Arrangement,2026-02-02,Withdrawal,846.45,Trust disbursement - settlement,False,United States
TXN-100680,CUST-10112,MTR-10112-9,Company Formation,2026-02-02,Withdrawal,4580.58,Trust disbursement - settlement,False,Canada
TXN-100449,CUST-10075,MTR-10075-6,Estate Administration,2026-02-02,Deposit,114615.24,Trust receipt - client funds,False,United States
TXN-100764,CUST-10126,MTR-10126-1,Residential Conveyancing,2026-02-03,Deposit,824593.76,Trust receipt - client funds,False,Cyprus
TXN-100943,CUST-10154,MTR-10154-1,Nominee Director Arrangement,2026-02-03,Deposit,2363.09,Trust receipt - client funds,False,Australia
TXN-100058,CUST-10009,MTR-10009-8,Nominee Shareholder Arrangement,2026-02-03,Deposit,509.73,Trust receipt - client funds,False,Canada
TXN-100681,CUST-10112,MTR-10112-9,Company Formation,2026-02-03,Deposit,718.49,Trust receipt - client funds,False,Canada
TXN-100937,CUST-10152,MTR-10152-4,Estate Administration,2026-02-04,Deposit,258000.19,Trust receipt - client funds,False,New Zealand
TXN-101735,CUST-10292,MTR-10292-4,Company Formation,2026-02-04,Withdrawal,511.83,Trust disbursement - settlement,False,Germany
TXN-101772,CUST-10297,MTR-10297-4,Nominee Director Arrangement,2026-02-04,Withdrawal,1007.96,Trust disbursement - settlement,False,Singapore
TXN-101478,CUST-10244,MTR-10244-3,Nominee Director Arrangement,2026-02-04,Deposit,5762.77,Trust receipt - client funds,False,United States
TXN-100656,CUST-10108,MTR-10108-4,Trust Establishment,2026-02-04,Deposit,22511.88,Trust receipt - client funds,False,Germany
TXN-102475,CUST-10418,MTR-10418-9,Company Formation,2026-02-04,Deposit,1402.37,Trust receipt - client funds,False,Australia
TXN-101339,CUST-10220,MTR-10220-9,Nominee Director Arrangement,2026-02-04,Withdrawal,1986.4,Trust disbursement - settlement,False,United Kingdom
TXN-100511,CUST-10083,MTR-10083-8,Business Sale & Purchase,2026-02-04,Deposit,203975.37,Trust receipt - client funds,False,Cambodia
TXN-101180,CUST-10192,MTR-10192-8,Nominee Director Arrangement,2026-02-05,Deposit,4972.18,Trust receipt - client funds,False,Germany
TXN-102400,CUST-10406,MTR-10406-4,Residential Conveyancing,2026-02-05,Withdrawal,25388.85,Trust disbursement - settlement,False,United Kingdom
TXN-100779,CUST-10128,MTR-10128-8,Trust Establishment,2026-02-05,Withdrawal,4071.75,Trust disbursement - settlement,False,Australia
TXN-100882,CUST-10144,MTR-10144-6,Nominee Shareholder Arrangement,2026-02-05,Deposit,3747.29,Trust receipt - client funds,False,Yemen
TXN-100345,CUST-10055,MTR-10055-8,Nominee Director Arrangement,2026-02-05,Deposit,2015.14,Trust receipt - client funds,False,United States
TXN-100627,CUST-10103,MTR-10103-4,Nominee Shareholder Arrangement,2026-02-06,Deposit,1626.73,Trust receipt - client funds,False,Germany
TXN-101895,CUST-10319,MTR-10319-6,Business Sale & Purchase,2026-02-06,Withdrawal,61213.38,Trust disbursement - settlement,False,United States
TXN-102031,CUST-10341,MTR-10341-3,Debt Financing Transaction,2026-02-06,Withdrawal,255160.89,Trust disbursement - settlement,False,Australia
TXN-100333,CUST-10054,MTR-10054-1,Business Sale & Purchase,2026-02-06,Deposit,32823.16,Trust receipt - client funds,False,Singapore
TXN-101030,CUST-10167,MTR-10167-4,Company Formation,2026-02-06,Withdrawal,13217.75,Trust disbursement - settlement,False,Panama
TXN-100807,CUST-10133,MTR-10133-4,Commercial Conveyancing,2026-02-07,Deposit,523859.47,Trust receipt - client funds,False,Germany
TXN-102173,CUST-10364,MTR-10364-1,Trust Establishment,2026-02-08,Deposit,4500.75,Trust receipt - client funds,False,Cambodia
TXN-100452,CUST-10076,MTR-10076-3,Debt Financing Transaction,2026-02-08,Withdrawal,56095.4,Trust disbursement - settlement,False,Australia
TXN-100456,CUST-10076,MTR-10076-3,Debt Financing Transaction,2026-02-08,Withdrawal,312017.18,Trust disbursement - settlement,False,Australia
TXN-101263,CUST-10209,MTR-10209-5,Estate Administration,2026-02-08,Withdrawal,143519.41,Trust disbursement - settlement,False,United Kingdom
TXN-100458,CUST-10076,MTR-10076-3,Debt Financing Transaction,2026-02-09,Withdrawal,171572.93,Trust disbursement - settlement,False,Australia
TXN-101630,CUST-10272,MTR-10272-5,Residential Conveyancing,2026-02-09,Withdrawal,19296.94,Trust disbursement - settlement,False,Germany
TXN-101259,CUST-10208,MTR-10208-2,Nominee Shareholder Arrangement,2026-02-10,Deposit,697.77,Trust receipt - client funds,False,Democratic Republic of Congo
TXN-100531,CUST-10086,MTR-10086-7,Company Formation,2026-02-10,Withdrawal,5107.71,Trust disbursement - settlement,False,Singapore
TXN-102441,CUST-10413,MTR-10413-2,Commercial Conveyancing,2026-02-10,Withdrawal,169785.88,Trust disbursement - settlement,False,Australia
TXN-100124,CUST-10021,MTR-10021-1,Nominee Shareholder Arrangement,2026-02-10,Withdrawal,3506.27,Trust disbursement - settlement,False,United Arab Emirates
TXN-101309,CUST-10216,MTR-10216-1,Estate Administration,2026-02-11,Withdrawal,274915.33,Trust disbursement - settlement,False,Japan
TXN-101665,CUST-10278,MTR-10278-8,Commercial Conveyancing,2026-02-11,Deposit,426981.5,Trust receipt - client funds,False,Singapore
TXN-100571,CUST-10092,MTR-10092-3,Commercial Conveyancing,2026-02-11,Deposit,139667.0,Trust receipt - client funds,False,Germany
TXN-100251,CUST-10040,MTR-10040-8,Nominee Shareholder Arrangement,2026-02-12,Deposit,3219.42,Trust receipt - client funds,False,Singapore
TXN-100145,CUST-10024,MTR-10024-9,Commercial Conveyancing,2026-02-13,Withdrawal,1747351.56,Trust disbursement - settlement,False,Australia
TXN-101400,CUST-10230,MTR-10230-8,Debt Financing Transaction,2026-02-13,Withdrawal,378681.87,Trust disbursement - settlement,False,New Zealand
TXN-102236,CUST-10376,MTR-10376-3,Business Sale & Purchase,2026-02-13,Deposit,203218.42,Trust receipt - client funds,False,United Kingdom
TXN-102309,CUST-10389,MTR-10389-2,Nominee Director Arrangement,2026-02-13,Deposit,7103.55,Trust receipt - client funds,False,New Zealand
TXN-100286,CUST-10045,MTR-10045-1,Residential Conveyancing,2026-02-14,Deposit,510223.94,Trust receipt - client funds,False,Australia
TXN-100224,CUST-10035,MTR-10035-5,Estate Administration,2026-02-14,Deposit,75630.71,Trust receipt - client funds,False,Canada
TXN-101228,CUST-10202,MTR-10202-4,Residential Conveyancing,2026-02-14,Deposit,741120.93,Trust receipt - client funds,False,Australia
TXN-100007,CUST-10001,MTR-10001-9,Business Sale & Purchase,2026-02-15,Deposit,214306.98,Trust receipt - client funds,False,United Arab Emirates
TXN-100281,CUST-10044,MTR-10044-6,Trust Establishment,2026-02-15,Withdrawal,1387.1,Trust disbursement - settlement,False,Japan
TXN-100936,CUST-10152,MTR-10152-4,Estate Administration,2026-02-15,Withdrawal,20525.36,Trust disbursement - settlement,False,New Zealand
TXN-102263,CUST-10381,MTR-10381-3,Debt Financing Transaction,2026-02-16,Withdrawal,1008467.49,Trust disbursement - settlement,False,United States
TXN-101332,CUST-10219,MTR-10219-9,Debt Financing Transaction,2026-02-16,Withdrawal,1223455.31,Trust disbursement - settlement,False,United Arab Emirates
TXN-101131,CUST-10185,MTR-10185-1,Debt Financing Transaction,2026-02-16,Withdrawal,76741.73,Trust disbursement - settlement,False,Singapore
TXN-100046,CUST-10007,MTR-10007-2,Estate Administration,2026-02-16,Withdrawal,25581.64,Trust disbursement - settlement,False,United Kingdom
TXN-100060,CUST-10009,MTR-10009-8,Nominee Shareholder Arrangement,2026-02-16,Deposit,1590.68,Trust receipt - client funds,False,Canada
TXN-102369,CUST-10400,MTR-10400-7,Nominee Director Arrangement,2026-02-16,Withdrawal,2480.19,Trust disbursement - settlement,False,Canada
TXN-101439,CUST-10237,MTR-10237-6,Business Sale & Purchase,2026-02-17,Deposit,128081.13,Trust receipt - client funds,False,Canada
TXN-101686,CUST-10282,MTR-10282-4,Trust Establishment,2026-02-17,Deposit,10116.23,Trust receipt - client funds,False,Japan
TXN-101062,CUST-10171,MTR-10171-6,Nominee Director Arrangement,2026-02-17,Withdrawal,6974.67,Trust disbursement - settlement,False,United States
TXN-101969,CUST-10333,MTR-10333-3,Nominee Shareholder Arrangement,2026-02-17,Withdrawal,3502.61,Trust disbursement - settlement,False,Cambodia
TXN-100846,CUST-10139,MTR-10139-2,Nominee Director Arrangement,2026-02-18,Deposit,1042.6,Trust receipt - client funds,False,United Kingdom
TXN-101744,CUST-10292,MTR-10292-4,Company Formation,2026-02-18,Withdrawal,5244.97,Trust disbursement - settlement,False,Germany
TXN-101053,CUST-10171,MTR-10171-6,Nominee Director Arrangement,2026-02-18,Withdrawal,2878.33,Trust disbursement - settlement,False,United States
TXN-100965,CUST-10157,MTR-10157-6,Nominee Director Arrangement,2026-02-18,Deposit,873.85,Trust receipt - client funds,False,Australia
TXN-100271,CUST-10042,MTR-10042-4,Company Formation,2026-02-18,Withdrawal,1529.59,Trust disbursement - settlement,False,New Zealand
TXN-100899,CUST-10147,MTR-10147-3,Nominee Shareholder Arrangement,2026-02-18,Deposit,1897.23,Trust receipt - client funds,False,Canada
TXN-100691,CUST-10113,MTR-10113-5,Trust Establishment,2026-02-18,Withdrawal,4312.14,Trust disbursement - settlement,False,United Kingdom
TXN-102398,CUST-10406,MTR-10406-4,Residential Conveyancing,2026-02-19,Withdrawal,798938.22,Trust disbursement - settlement,False,United Kingdom
TXN-101606,CUST-10269,MTR-10269-1,Residential Conveyancing,2026-02-19,Withdrawal,205763.29,Trust disbursement - settlement,False,Australia
TXN-101447,CUST-10239,MTR-10239-4,Commercial Conveyancing,2026-02-19,Deposit,840823.45,Trust receipt - client funds,False,Germany
TXN-100718,CUST-10118,MTR-10118-8,Residential Conveyancing,2026-02-19,Withdrawal,234592.45,Trust disbursement - settlement,False,Canada
TXN-101216,CUST-10200,MTR-10200-5,Nominee Shareholder Arrangement,2026-02-19,Deposit,505.32,Trust receipt - client funds,False,Australia
TXN-101660,CUST-10278,MTR-10278-8,Commercial Conveyancing,2026-02-20,Withdrawal,1761916.85,Trust disbursement - settlement,False,Singapore
TXN-100824,CUST-10136,MTR-10136-3,Commercial Conveyancing,2026-02-20,Deposit,264996.6,Trust receipt - client funds,False,Singapore
TXN-100066,CUST-10010,MTR-10010-9,Nominee Shareholder Arrangement,2026-02-20,Withdrawal,1151.5,Trust disbursement - settlement,False,Singapore
TXN-100230,CUST-10036,MTR-10036-8,Trust Establishment,2026-02-20,Deposit,2001.62,Trust receipt - client funds,False,Singapore
TXN-102090,CUST-10353,MTR-10353-4,Residential Conveyancing,2026-02-21,Withdrawal,119340.94,Trust disbursement - settlement,False,Germany
TXN-101464,CUST-10243,MTR-10243-7,Business Sale & Purchase,2026-02-21,Withdrawal,731910.92,Trust disbursement - settlement,False,Australia
TXN-102343,CUST-10395,MTR-10395-2,Nominee Shareholder Arrangement,2026-02-21,Withdrawal,1944.16,Trust disbursement - settlement,False,United Kingdom
TXN-100220,CUST-10035,MTR-10035-5,Estate Administration,2026-02-22,Deposit,867713.21,Trust receipt - client funds,False,Canada
TXN-102130,CUST-10359,MTR-10359-7,Trust Establishment,2026-02-23,Deposit,4270.7,Trust receipt - client funds,False,Democratic Republic of Congo
TXN-100234,CUST-10037,MTR-10037-6,Trust Establishment,2026-02-23,Deposit,1821.89,Trust receipt - client funds,False,Singapore
TXN-101226,CUST-10202,MTR-10202-4,Residential Conveyancing,2026-02-23,Deposit,266866.85,Trust receipt - client funds,False,Australia
TXN-101825,CUST-10305,MTR-10305-3,Company Formation,2026-02-23,Deposit,925.98,Trust receipt - client funds,False,United Kingdom
TXN-100325,CUST-10053,MTR-10053-5,Estate Administration,2026-02-23,Withdrawal,28714.71,Trust disbursement - settlement,False,United States
TXN-102093,CUST-10353,MTR-10353-4,Residential Conveyancing,2026-02-23,Deposit,111214.45,Trust receipt - client funds,False,Germany
TXN-101433,CUST-10236,MTR-10236-1,Company Formation,2026-02-24,Deposit,10075.32,Trust receipt - client funds,False,Cambodia
TXN-101732,CUST-10291,MTR-10291-2,Commercial Conveyancing,2026-02-24,Withdrawal,139365.6,Trust disbursement - settlement,False,New Zealand
TXN-101099,CUST-10180,MTR-10180-4,Estate Administration,2026-02-24,Deposit,5313.39,Trust receipt - client funds,False,United Kingdom
TXN-101666,CUST-10278,MTR-10278-8,Commercial Conveyancing,2026-02-24,Deposit,1332219.4,Trust receipt - client funds,False,Singapore
TXN-100945,CUST-10154,MTR-10154-1,Nominee Director Arrangement,2026-02-24,Withdrawal,577.96,Trust disbursement - settlement,False,Australia
TXN-102116,CUST-10357,MTR-10357-8,Commercial Conveyancing,2026-02-24,Withdrawal,2102759.3,Trust disbursement - settlement,False,New Zealand
TXN-101005,CUST-10163,MTR-10163-4,Business Sale & Purchase,2026-02-25,Withdrawal,44708.25,Trust disbursement - settlement,False,United States
TXN-100201,CUST-10031,MTR-10031-7,Commercial Conveyancing,2026-02-25,Deposit,123207.85,Trust receipt - client funds,False,Democratic People's Republic of Korea
TXN-101337,CUST-10220,MTR-10220-9,Nominee Director Arrangement,2026-02-26,Deposit,4351.35,Trust receipt - client funds,False,United Kingdom
TXN-101009,CUST-10163,MTR-10163-4,Business Sale & Purchase,2026-02-26,Deposit,359566.23,Trust receipt - client funds,False,United States
TXN-102057,CUST-10348,MTR-10348-3,Trust Establishment,2026-02-26,Withdrawal,1935.62,Trust disbursement - settlement,False,Germany
TXN-100047,CUST-10007,MTR-10007-2,Estate Administration,2026-02-26,Withdrawal,70135.11,Trust disbursement - settlement,False,United Kingdom
TXN-101065,CUST-10172,MTR-10172-8,Commercial Conveyancing,2026-02-26,Deposit,134096.36,Trust receipt - client funds,False,Japan
TXN-101327,CUST-10218,MTR-10218-8,Trust Establishment,2026-02-27,Deposit,2427.36,Trust receipt - client funds,False,Cyprus
TXN-100420,CUST-10070,MTR-10070-9,Trust Establishment,2026-02-27,Withdrawal,8591.47,Trust disbursement - settlement,False,Germany
TXN-101827,CUST-10305,MTR-10305-3,Company Formation,2026-02-27,Withdrawal,1066.32,Trust disbursement - settlement,False,United Kingdom
TXN-102306,CUST-10389,MTR-10389-2,Nominee Director Arrangement,2026-02-27,Deposit,910.12,Trust receipt - client funds,False,New Zealand
TXN-101063,CUST-10172,MTR-10172-8,Commercial Conveyancing,2026-02-27,Withdrawal,457143.65,Trust disbursement - settlement,False,Japan
TXN-101350,CUST-10222,MTR-10222-5,Nominee Director Arrangement,2026-02-27,Deposit,500.02,Trust receipt - client funds,False,Vanuatu
TXN-100519,CUST-10085,MTR-10085-2,Debt Financing Transaction,2026-02-28,Deposit,362439.27,Trust receipt - client funds,False,Australia
TXN-101188,CUST-10194,MTR-10194-5,Debt Financing Transaction,2026-02-28,Withdrawal,181051.21,Trust disbursement - settlement,False,United States
TXN-100847,CUST-10139,MTR-10139-2,Nominee Director Arrangement,2026-03-01,Withdrawal,529.9,Trust disbursement - settlement,False,United Kingdom
TXN-100372,CUST-10060,MTR-10060-7,Business Sale & Purchase,2026-03-01,Deposit,264647.55,Trust receipt - client funds,False,Australia
TXN-100303,CUST-10049,MTR-10049-9,Estate Administration,2026-03-01,Deposit,47041.36,Trust receipt - client funds,False,United Arab Emirates
TXN-100295,CUST-10047,MTR-10047-6,Residential Conveyancing,2026-03-01,Deposit,128546.59,Trust receipt - client funds,False,Panama
TXN-100893,CUST-10146,MTR-10146-4,Residential Conveyancing,2026-03-02,Deposit,516591.54,Trust receipt - client funds,False,United Kingdom
TXN-100935,CUST-10152,MTR-10152-4,Estate Administration,2026-03-02,Withdrawal,18271.1,Trust disbursement - settlement,False,New Zealand
TXN-102261,CUST-10381,MTR-10381-3,Debt Financing Transaction,2026-03-02,Deposit,86474.24,Trust receipt - client funds,False,United States
TXN-100169,CUST-10028,MTR-10028-8,Nominee Shareholder Arrangement,2026-03-02,Deposit,661.18,Trust receipt - client funds,False,United States
TXN-101874,CUST-10315,MTR-10315-8,Nominee Director Arrangement,2026-03-03,Withdrawal,7511.6,Trust disbursement - settlement,False,Australia
TXN-100146,CUST-10024,MTR-10024-9,Commercial Conveyancing,2026-03-03,Deposit,1042515.25,Trust receipt - client funds,False,Australia
TXN-101568,CUST-10262,MTR-10262-2,Company Formation,2026-03-03,Deposit,7050.3,Trust receipt - client funds,False,Australia
TXN-101875,CUST-10315,MTR-10315-8,Nominee Director Arrangement,2026-03-03,Withdrawal,4516.71,Trust disbursement - settlement,False,Australia
TXN-100261,CUST-10041,MTR-10041-4,Nominee Shareholder Arrangement,2026-03-04,Withdrawal,729.76,Trust disbursement - settlement,False,United States
TXN-101277,CUST-10211,MTR-10211-9,Trust Establishment,2026-03-04,Deposit,8442.45,Trust receipt - client funds,False,United Kingdom
TXN-101768,CUST-10297,MTR-10297-4,Nominee Director Arrangement,2026-03-04,Deposit,3405.92,Trust receipt - client funds,False,Singapore
TXN-102189,CUST-10366,MTR-10366-2,Trust Establishment,2026-03-04,Deposit,2058.46,Trust receipt - client funds,False,Democratic People's Republic of Korea
TXN-100173,CUST-10028,MTR-10028-8,Nominee Shareholder Arrangement,2026-03-04,Deposit,609.1,Trust receipt - client funds,False,United States
TXN-101770,CUST-10297,MTR-10297-4,Nominee Director Arrangement,2026-03-04,Deposit,936.98,Trust receipt - client funds,False,Singapore
TXN-101002,CUST-10163,MTR-10163-4,Business Sale & Purchase,2026-03-04,Deposit,735621.14,Trust receipt - client funds,False,United States
TXN-101484,CUST-10246,MTR-10246-3,Business Sale & Purchase,2026-03-05,Deposit,124817.27,Trust receipt - client funds,False,Australia
TXN-102380,CUST-10402,MTR-10402-4,Commercial Conveyancing,2026-03-05,Withdrawal,600436.24,Trust disbursement - settlement,False,Cambodia
TXN-101505,CUST-10250,MTR-10250-4,Estate Administration,2026-03-05,Withdrawal,122714.4,Trust disbursement - settlement,False,New Zealand
TXN-100464,CUST-10077,MTR-10077-5,Commercial Conveyancing,2026-03-05,Withdrawal,218314.62,Trust disbursement - settlement,False,Japan
TXN-102053,CUST-10346,MTR-10346-3,Nominee Shareholder Arrangement,2026-03-05,Withdrawal,1561.74,Trust disbursement - settlement,False,Canada
TXN-101608,CUST-10270,MTR-10270-8,Residential Conveyancing,2026-03-05,Deposit,440828.97,Trust receipt - client funds,False,Cyprus
TXN-100264,CUST-10041,MTR-10041-4,Nominee Shareholder Arrangement,2026-03-06,Deposit,2566.27,Trust receipt - client funds,False,United States
TXN-100632,CUST-10104,MTR-10104-8,Business Sale & Purchase,2026-03-06,Withdrawal,282636.66,Trust disbursement - settlement,False,Australia
TXN-101224,CUST-10202,MTR-10202-4,Residential Conveyancing,2026-03-06,Deposit,15266.57,Trust receipt - client funds,False,Australia
TXN-100938,CUST-10153,MTR-10153-2,Business Sale & Purchase,2026-03-06,Deposit,32310.74,Trust receipt - client funds,False,Germany
TXN-102201,CUST-10369,MTR-10369-2,Company Formation,2026-03-07,Deposit,2162.34,Trust receipt - client funds,False,Vanuatu
TXN-102468,CUST-10417,MTR-10417-4,Company Formation,2026-03-07,Deposit,1307.17,Trust receipt - client funds,False,Cyprus
TXN-101731,CUST-10291,MTR-10291-2,Commercial Conveyancing,2026-03-07,Deposit,718880.42,Trust receipt - client funds,False,New Zealand
TXN-100438,CUST-10073,MTR-10073-5,Estate Administration,2026-03-07,Deposit,576717.28,Trust receipt - client funds,False,United Kingdom
TXN-102221,CUST-10372,MTR-10372-5,Company Formation,2026-03-07,Deposit,501.02,Trust receipt - client funds,False,Japan
TXN-100744,CUST-10122,MTR-10122-5,Estate Administration,2026-03-07,Deposit,9739.44,Trust receipt - client funds,False,Panama
TXN-101329,CUST-10218,MTR-10218-8,Trust Establishment,2026-03-08,Withdrawal,29585.17,Trust disbursement - settlement,False,Cyprus
TXN-100649,CUST-10106,MTR-10106-1,Debt Financing Transaction,2026-03-08,Deposit,119436.48,Trust receipt - client funds,False,Singapore
TXN-102204,CUST-10370,MTR-10370-3,Nominee Director Arrangement,2026-03-08,Withdrawal,953.24,Trust disbursement - settlement,False,United States
TXN-100733,CUST-10120,MTR-10120-7,Nominee Shareholder Arrangement,2026-03-08,Withdrawal,2819.5,Trust disbursement - settlement,False,Singapore
TXN-100075,CUST-10012,MTR-10012-3,Estate Administration,2026-03-08,Deposit,134199.88,Trust receipt - client funds,False,United Kingdom
TXN-101113,CUST-10182,MTR-10182-8,Nominee Shareholder Arrangement,2026-03-08,Withdrawal,794.13,Trust disbursement - settlement,False,Germany
TXN-100802,CUST-10132,MTR-10132-5,Debt Financing Transaction,2026-03-08,Deposit,649319.04,Trust receipt - client funds,False,New Zealand
TXN-100860,CUST-10141,MTR-10141-8,Business Sale & Purchase,2026-03-08,Deposit,307495.87,Trust receipt - client funds,False,Japan
TXN-100917,CUST-10150,MTR-10150-6,Residential Conveyancing,2026-03-09,Deposit,64745.36,Trust receipt - client funds,False,Japan
TXN-102271,CUST-10383,MTR-10383-6,Nominee Director Arrangement,2026-03-09,Deposit,536.4,Trust receipt - client funds,False,Canada
TXN-100931,CUST-10152,MTR-10152-4,Estate Administration,2026-03-09,Withdrawal,21646.05,Trust disbursement - settlement,False,New Zealand
TXN-101241,CUST-10204,MTR-10204-2,Estate Administration,2026-03-09,Deposit,117386.1,Trust receipt - client funds,False,Cambodia
TXN-100942,CUST-10154,MTR-10154-1,Nominee Director Arrangement,2026-03-09,Deposit,7227.91,Trust receipt - client funds,False,Australia
TXN-102440,CUST-10413,MTR-10413-2,Commercial Conveyancing,2026-03-09,Deposit,2038436.52,Trust receipt - client funds,False,Australia
TXN-101167,CUST-10191,MTR-10191-9,Debt Financing Transaction,2026-03-09,Deposit,1301168.54,Trust receipt - client funds,False,United States
TXN-101597,CUST-10269,MTR-10269-1,Residential Conveyancing,2026-03-09,Deposit,94068.05,Trust receipt - client funds,False,Australia
TXN-100683,CUST-10112,MTR-10112-9,Company Formation,2026-03-09,Withdrawal,14970.12,Trust disbursement - settlement,False,Canada
TXN-101886,CUST-10317,MTR-10317-4,Trust Establishment,2026-03-09,Withdrawal,2958.79,Trust disbursement - settlement,False,United States
TXN-100916,CUST-10150,MTR-10150-6,Residential Conveyancing,2026-03-10,Deposit,31589.2,Trust receipt - client funds,False,Japan
TXN-100051,CUST-10008,MTR-10008-6,Nominee Shareholder Arrangement,2026-03-10,Deposit,6583.21,Trust receipt - client funds,False,Australia
TXN-101810,CUST-10303,MTR-10303-4,Estate Administration,2026-03-10,Withdrawal,377966.66,Trust disbursement - settlement,False,United States
TXN-100515,CUST-10084,MTR-10084-8,Trust Establishment,2026-03-10,Withdrawal,26054.22,Trust disbursement - settlement,False,Germany
TXN-100903,CUST-10148,MTR-10148-4,Debt Financing Transaction,2026-03-10,Deposit,62054.33,Trust receipt - client funds,False,United Kingdom
TXN-101805,CUST-10303,MTR-10303-4,Estate Administration,2026-03-10,Withdrawal,168568.9,Trust disbursement - settlement,False,United States
TXN-100151,CUST-10025,MTR-10025-5,Business Sale & Purchase,2026-03-11,Withdrawal,107377.5,Trust disbursement - settlement,False,United States
TXN-101771,CUST-10297,MTR-10297-4,Nominee Director Arrangement,2026-03-11,Deposit,2743.24,Trust receipt - client funds,False,Singapore
TXN-101310,CUST-10216,MTR-10216-1,Estate Administration,2026-03-11,Withdrawal,66698.44,Trust disbursement - settlement,False,Japan
TXN-102250,CUST-10378,MTR-10378-7,Commercial Conveyancing,2026-03-11,Deposit,2717050.84,Trust receipt - client funds,False,Germany
TXN-101913,CUST-10322,MTR-10322-1,Residential Conveyancing,2026-03-12,Withdrawal,568262.81,Trust disbursement - settlement,False,United Kingdom
TXN-102482,CUST-10419,MTR-10419-2,Nominee Shareholder Arrangement,2026-03-12,Withdrawal,2219.39,Trust disbursement - settlement,False,Singapore
TXN-101682,CUST-10281,MTR-10281-3,Commercial Conveyancing,2026-03-12,Deposit,956972.06,Trust receipt - client funds,False,Japan
TXN-100178,CUST-10029,MTR-10029-2,Debt Financing Transaction,2026-03-12,Withdrawal,96214.12,Trust disbursement - settlement,False,United Kingdom
TXN-101613,CUST-10270,MTR-10270-8,Residential Conveyancing,2026-03-13,Deposit,252806.75,Trust receipt - client funds,False,Cyprus
TXN-100904,CUST-10148,MTR-10148-4,Debt Financing Transaction,2026-03-13,Deposit,171569.4,Trust receipt - client funds,False,United Kingdom
TXN-102333,CUST-10393,MTR-10393-9,Trust Establishment,2026-03-13,Deposit,14199.53,Trust receipt - client funds,False,Singapore
TXN-102128,CUST-10359,MTR-10359-7,Trust Establishment,2026-03-13,Deposit,12825.49,Trust receipt - client funds,False,Democratic Republic of Congo
TXN-102402,CUST-10407,MTR-10407-2,Nominee Shareholder Arrangement,2026-03-14,Deposit,1721.07,Trust receipt - client funds,False,Australia
TXN-100879,CUST-10143,MTR-10143-3,Company Formation,2026-03-14,Deposit,4353.61,Trust receipt - client funds,False,Canada
TXN-100735,CUST-10120,MTR-10120-7,Nominee Shareholder Arrangement,2026-03-14,Deposit,2542.83,Trust receipt - client funds,False,Singapore
TXN-101204,CUST-10197,MTR-10197-2,Nominee Shareholder Arrangement,2026-03-14,Withdrawal,977.88,Trust disbursement - settlement,False,Germany
TXN-100513,CUST-10083,MTR-10083-8,Business Sale & Purchase,2026-03-14,Deposit,51503.12,Trust receipt - client funds,False,Cambodia
TXN-100252,CUST-10040,MTR-10040-8,Nominee Shareholder Arrangement,2026-03-14,Deposit,2775.05,Trust receipt - client funds,False,Singapore
TXN-101839,CUST-10307,MTR-10307-8,Commercial Conveyancing,2026-03-14,Withdrawal,376147.54,Trust disbursement - settlement,False,New Zealand
TXN-101254,CUST-10207,MTR-10207-7,Commercial Conveyancing,2026-03-15,Deposit,542763.75,Trust receipt - client funds,False,Germany
TXN-100886,CUST-10145,MTR-10145-3,Debt Financing Transaction,2026-03-15,Deposit,900847.89,Trust receipt - client funds,False,Japan
TXN-101066,CUST-10172,MTR-10172-8,Commercial Conveyancing,2026-03-15,Deposit,222107.44,Trust receipt - client funds,False,Japan
TXN-102298,CUST-10388,MTR-10388-2,Trust Establishment,2026-03-15,Deposit,22584.17,Trust receipt - client funds,False,United States
TXN-101496,CUST-10247,MTR-10247-4,Nominee Shareholder Arrangement,2026-03-15,Withdrawal,3667.91,Trust disbursement - settlement,False,United Kingdom
TXN-100299,CUST-10048,MTR-10048-5,Debt Financing Transaction,2026-03-15,Withdrawal,109074.29,Trust disbursement - settlement,False,United States
TXN-100156,CUST-10025,MTR-10025-5,Business Sale & Purchase,2026-03-15,Withdrawal,29536.7,Trust disbursement - settlement,False,United States
TXN-101609,CUST-10270,MTR-10270-8,Residential Conveyancing,2026-03-16,Withdrawal,29763.28,Trust disbursement - settlement,False,Cyprus
TXN-100283,CUST-10045,MTR-10045-1,Residential Conveyancing,2026-03-16,Withdrawal,378198.35,Trust disbursement - settlement,False,Australia
TXN-102461,CUST-10416,MTR-10416-2,Commercial Conveyancing,2026-03-17,Withdrawal,1329484.58,Trust disbursement - settlement,False,Germany
TXN-102364,CUST-10399,MTR-10399-3,Estate Administration,2026-03-17,Deposit,6575.4,Trust receipt - client funds,False,Singapore
TXN-102110,CUST-10355,MTR-10355-4,Business Sale & Purchase,2026-03-17,Deposit,34913.43,Trust receipt - client funds,False,Japan
TXN-101851,CUST-10310,MTR-10310-5,Estate Administration,2026-03-17,Withdrawal,348510.77,Trust disbursement - settlement,False,Japan
TXN-100297,CUST-10048,MTR-10048-5,Debt Financing Transaction,2026-03-18,Withdrawal,53842.51,Trust disbursement - settlement,False,United States
TXN-100960,CUST-10157,MTR-10157-6,Nominee Director Arrangement,2026-03-18,Withdrawal,2070.55,Trust disbursement - settlement,False,Australia
TXN-102195,CUST-10367,MTR-10367-5,Debt Financing Transaction,2026-03-18,Withdrawal,61186.43,Trust disbursement - settlement,False,Canada
TXN-100695,CUST-10113,MTR-10113-5,Trust Establishment,2026-03-18,Deposit,2401.93,Trust receipt - client funds,False,United Kingdom
TXN-101957,CUST-10331,MTR-10331-1,Company Formation,2026-03-18,Withdrawal,607.02,Trust disbursement - settlement,False,New Zealand
TXN-102334,CUST-10393,MTR-10393-9,Trust Establishment,2026-03-19,Withdrawal,30915.8,Trust disbursement - settlement,False,Singapore
TXN-100001,CUST-10000,MTR-10000-9,Company Formation,2026-03-19,Deposit,9515.18,Trust receipt - client funds,False,Canada
TXN-102175,CUST-10364,MTR-10364-1,Trust Establishment,2026-03-19,Deposit,1190.18,Trust receipt - client funds,False,Cambodia
TXN-100806,CUST-10133,MTR-10133-4,Commercial Conveyancing,2026-03-19,Withdrawal,100666.55,Trust disbursement - settlement,False,Germany
TXN-101955,CUST-10331,MTR-10331-1,Company Formation,2026-03-20,Deposit,3152.43,Trust receipt - client funds,False,New Zealand
TXN-102187,CUST-10366,MTR-10366-2,Trust Establishment,2026-03-20,Deposit,4746.54,Trust receipt - client funds,False,Democratic People's Republic of Korea
TXN-101555,CUST-10260,MTR-10260-9,Estate Administration,2026-03-20,Deposit,15263.59,Trust receipt - client funds,False,United Arab Emirates
TXN-102363,CUST-10399,MTR-10399-3,Estate Administration,2026-03-20,Withdrawal,6042.26,Trust disbursement - settlement,False,Singapore
TXN-101737,CUST-10292,MTR-10292-4,Company Formation,2026-03-21,Deposit,4776.12,Trust receipt - client funds,False,Germany
TXN-100460,CUST-10076,MTR-10076-3,Debt Financing Transaction,2026-03-21,Withdrawal,74087.82,Trust disbursement - settlement,False,Australia
TXN-100343,CUST-10055,MTR-10055-8,Nominee Director Arrangement,2026-03-21,Withdrawal,1153.1,Trust disbursement - settlement,False,United States
TXN-101383,CUST-10227,MTR-10227-4,Residential Conveyancing,2026-03-21,Deposit,16605.94,Trust receipt - client funds,False,Germany
TXN-101246,CUST-10205,MTR-10205-9,Estate Administration,2026-03-21,Withdrawal,33761.96,Trust disbursement - settlement,False,Japan
TXN-100804,CUST-10132,MTR-10132-5,Debt Financing Transaction,2026-03-21,Withdrawal,120823.35,Trust disbursement - settlement,False,New Zealand
TXN-102115,CUST-10356,MTR-10356-4,Trust Establishment,2026-03-21,Withdrawal,11791.81,Trust disbursement - settlement,False,United Kingdom
TXN-100327,CUST-10053,MTR-10053-5,Estate Administration,2026-03-21,Deposit,6948.61,Trust receipt - client funds,False,United States
TXN-101830,CUST-10306,MTR-10306-2,Trust Establishment,2026-03-22,Deposit,4263.6,Trust receipt - client funds,False,Singapore
TXN-101340,CUST-10220,MTR-10220-9,Nominee Director Arrangement,2026-03-22,Withdrawal,881.92,Trust disbursement - settlement,False,United Kingdom
TXN-101680,CUST-10281,MTR-10281-3,Commercial Conveyancing,2026-03-22,Withdrawal,1507342.03,Trust disbursement - settlement,False,Japan
TXN-101271,CUST-10210,MTR-10210-2,Residential Conveyancing,2026-03-23,Withdrawal,101586.3,Trust disbursement - settlement,False,United States
TXN-101859,CUST-10312,MTR-10312-4,Debt Financing Transaction,2026-03-23,Withdrawal,86711.48,Trust disbursement - settlement,False,Germany
TXN-101757,CUST-10295,MTR-10295-6,Nominee Director Arrangement,2026-03-23,Withdrawal,2475.0,Trust disbursement - settlement,False,United States
TXN-100949,CUST-10155,MTR-10155-1,Nominee Shareholder Arrangement,2026-03-23,Deposit,1317.7,Trust receipt - client funds,False,Singapore
TXN-101307,CUST-10216,MTR-10216-1,Trust Establishment,2026-03-23,Deposit,530579.58,Trust receipt - client funds,False,Japan
TXN-101894,CUST-10319,MTR-10319-6,Business Sale & Purchase,2026-03-23,Withdrawal,532547.27,Trust disbursement - settlement,False,United States
TXN-101330,CUST-10219,MTR-10219-9,Debt Financing Transaction,2026-03-23,Withdrawal,57105.02,Trust disbursement - settlement,False,United Arab Emirates
TXN-100834,CUST-10137,MTR-10137-8,Estate Administration,2026-03-23,Deposit,136406.05,Trust receipt - client funds,False,Panama
TXN-100016,CUST-10003,MTR-10003-8,Business Sale & Purchase,2026-03-24,Deposit,189862.61,Trust receipt - client funds,False,Singapore
TXN-100480,CUST-10080,MTR-10080-3,Company Formation,2026-03-24,Withdrawal,753.46,Trust disbursement - settlement,False,Japan
TXN-101012,CUST-10164,MTR-10164-6,Business Sale & Purchase,2026-03-24,Withdrawal,51157.07,Trust disbursement - settlement,False,Singapore
TXN-100481,CUST-10080,MTR-10080-3,Company Formation,2026-03-24,Deposit,649.59,Trust receipt - client funds,False,Japan
TXN-100631,CUST-10104,MTR-10104-8,Business Sale & Purchase,2026-03-24,Deposit,77657.2,Trust receipt - client funds,False,Australia
TXN-100568,CUST-10092,MTR-10092-3,Commercial Conveyancing,2026-03-24,Withdrawal,894656.29,Trust disbursement - settlement,False,Germany
TXN-101261,CUST-10208,MTR-10208-2,Nominee Shareholder Arrangement,2026-03-24,Withdrawal,524.93,Trust disbursement - settlement,False,Democratic Republic of Congo
TXN-101838,CUST-10307,MTR-10307-8,Commercial Conveyancing,2026-03-25,Deposit,2439723.28,Trust receipt - client funds,False,New Zealand
TXN-100712,CUST-10116,MTR-10116-9,Trust Establishment,2026-03-26,Withdrawal,30560.82,Trust disbursement - settlement,False,Australia
TXN-102433,CUST-10412,MTR-10412-5,Estate Administration,2026-03-26,Deposit,807148.78,Trust receipt - client funds,False,United Kingdom
TXN-101445,CUST-10239,MTR-10239-4,Commercial Conveyancing,2026-03-26,Deposit,703769.82,Trust receipt - client funds,False,Germany
TXN-100356,CUST-10057,MTR-10057-6,Business Sale & Purchase,2026-03-27,Deposit,9079.03,Trust receipt - client funds,False,United Kingdom
TXN-100729,CUST-10120,MTR-10120-7,Nominee Shareholder Arrangement,2026-03-27,Withdrawal,4892.11,Trust disbursement - settlement,False,Singapore
TXN-101817,CUST-10304,MTR-10304-6,Trust Establishment,2026-03-27,Withdrawal,1023.81,Trust disbursement - settlement,False,Japan
TXN-100357,CUST-10057,MTR-10057-6,Business Sale & Purchase,2026-03-28,Deposit,9174.38,Trust receipt - client funds,False,United Kingdom
TXN-100654,CUST-10108,MTR-10108-4,Trust Establishment,2026-03-28,Deposit,11573.23,Trust receipt - client funds,False,Germany
TXN-101607,CUST-10269,MTR-10269-1,Residential Conveyancing,2026-03-28,Deposit,45578.68,Trust receipt - client funds,False,Australia
TXN-101657,CUST-10278,MTR-10278-8,Commercial Conveyancing,2026-03-29,Withdrawal,1233798.07,Trust disbursement - settlement,False,Singapore
TXN-101186,CUST-10194,MTR-10194-5,Debt Financing Transaction,2026-03-29,Withdrawal,224480.71,Trust disbursement - settlement,False,United States
TXN-100993,CUST-10162,MTR-10162-2,Estate Administration,2026-03-29,Withdrawal,77339.23,Trust disbursement - settlement,False,Singapore
TXN-102008,CUST-10338,MTR-10338-7,Nominee Shareholder Arrangement,2026-03-30,Withdrawal,559.09,Trust disbursement - settlement,False,Japan
TXN-100488,CUST-10081,MTR-10081-6,Nominee Director Arrangement,2026-03-30,Deposit,5580.5,Trust receipt - client funds,False,United Kingdom
TXN-101274,CUST-10211,MTR-10211-9,Trust Establishment,2026-03-31,Deposit,1681.03,Trust receipt - client funds,False,United Kingdom
TXN-100421,CUST-10070,MTR-10070-9,Trust Establishment,2026-03-31,Deposit,4733.12,Trust receipt - client funds,False,Germany
TXN-100888,CUST-10145,MTR-10145-3,Debt Financing Transaction,2026-03-31,Deposit,50973.93,Trust receipt - client funds,False,Japan
TXN-101038,CUST-10168,MTR-10168-8,Commercial Conveyancing,2026-03-31,Withdrawal,450904.31,Trust disbursement - settlement,False,Canada
TXN-100587,CUST-10094,MTR-10094-1,Nominee Shareholder Arrangement,2026-04-01,Deposit,3345.59,Trust receipt - client funds,False,United Kingdom
TXN-101142,CUST-10187,MTR-10187-2,Nominee Shareholder Arrangement,2026-04-01,Deposit,2499.9,Trust receipt - client funds,False,Japan
TXN-100022,CUST-10003,MTR-10003-8,Business Sale & Purchase,2026-04-01,Withdrawal,210232.38,Trust disbursement - settlement,False,Singapore
TXN-100154,CUST-10025,MTR-10025-5,Business Sale & Purchase,2026-04-01,Withdrawal,40210.06,Trust disbursement - settlement,False,United States
TXN-100490,CUST-10081,MTR-10081-6,Nominee Director Arrangement,2026-04-01,Deposit,5652.18,Trust receipt - client funds,False,United Kingdom
TXN-101742,CUST-10292,MTR-10292-4,Company Formation,2026-04-01,Deposit,11013.67,Trust receipt - client funds,False,Germany
TXN-101406,CUST-10231,MTR-10231-8,Company Formation,2026-04-01,Deposit,1548.99,Trust receipt - client funds,False,Singapore
TXN-101756,CUST-10295,MTR-10295-6,Nominee Director Arrangement,2026-04-01,Deposit,667.95,Trust receipt - client funds,False,United States
TXN-100298,CUST-10048,MTR-10048-5,Debt Financing Transaction,2026-04-01,Deposit,164043.92,Trust receipt - client funds,False,United States
TXN-100358,CUST-10057,MTR-10057-6,Business Sale & Purchase,2026-04-02,Deposit,9224.44,Trust receipt - client funds,False,United Kingdom
TXN-100510,CUST-10083,MTR-10083-8,Business Sale & Purchase,2026-04-02,Deposit,301014.87,Trust receipt - client funds,False,Cambodia
TXN-100388,CUST-10062,MTR-10062-9,Company Formation,2026-04-02,Deposit,2723.45,Trust receipt - client funds,False,Canada
TXN-101476,CUST-10244,MTR-10244-3,Nominee Director Arrangement,2026-04-02,Deposit,836.59,Trust receipt - client funds,False,United States
TXN-100835,CUST-10137,MTR-10137-8,Estate Administration,2026-04-03,Deposit,121215.33,Trust receipt - client funds,False,Panama
TXN-101566,CUST-10262,MTR-10262-2,Company Formation,2026-04-03,Deposit,4750.93,Trust receipt - client funds,False,Australia
TXN-100120,CUST-10020,MTR-10020-9,Commercial Conveyancing,2026-04-03,Withdrawal,2528518.27,Trust disbursement - settlement,False,New Zealand
TXN-102300,CUST-10388,MTR-10388-2,Trust Establishment,2026-04-03,Withdrawal,1208.17,Trust disbursement - settlement,False,United States
TXN-101511,CUST-10251,MTR-10251-3,Company Formation,2026-04-03,Deposit,3922.57,Trust receipt - client funds,False,Singapore
TXN-101826,CUST-10305,MTR-10305-3,Company Formation,2026-04-03,Withdrawal,4157.69,Trust disbursement - settlement,False,United Kingdom
TXN-101602,CUST-10269,MTR-10269-1,Residential Conveyancing,2026-04-03,Deposit,29479.69,Trust receipt - client funds,False,Australia
TXN-101324,CUST-10218,MTR-10218-8,Trust Establishment,2026-04-04,Withdrawal,8010.88,Trust disbursement - settlement,False,Cyprus
TXN-100720,CUST-10118,MTR-10118-8,Residential Conveyancing,2026-04-04,Deposit,124989.85,Trust receipt - client funds,False,Canada
TXN-101011,CUST-10164,MTR-10164-6,Business Sale & Purchase,2026-04-04,Deposit,33248.53,Trust receipt - client funds,False,Singapore
TXN-101232,CUST-10203,MTR-10203-7,Estate Administration,2026-04-05,Withdrawal,47303.37,Trust disbursement - settlement,False,Japan
TXN-100825,CUST-10136,MTR-10136-3,Commercial Conveyancing,2026-04-05,Deposit,1214451.74,Trust receipt - client funds,False,Singapore
TXN-102065,CUST-10349,MTR-10349-9,Trust Establishment,2026-04-05,Withdrawal,4362.69,Trust disbursement - settlement,False,Myanmar
TXN-101413,CUST-10232,MTR-10232-1,Company Formation,2026-04-05,Deposit,14031.16,Trust receipt - client funds,False,Cambodia
TXN-101214,CUST-10199,MTR-10199-4,Estate Administration,2026-04-05,Deposit,71073.14,Trust receipt - client funds,False,Canada
TXN-102345,CUST-10395,MTR-10395-2,Nominee Shareholder Arrangement,2026-04-05,Withdrawal,1263.8,Trust disbursement - settlement,False,United Kingdom
TXN-101724,CUST-10290,MTR-10290-7,Nominee Shareholder Arrangement,2026-04-05,Withdrawal,1187.16,Trust disbursement - settlement,False,Japan
TXN-102270,CUST-10383,MTR-10383-6,Nominee Director Arrangement,2026-04-06,Withdrawal,3329.9,Trust disbursement - settlement,False,Canada
TXN-100971,CUST-10159,MTR-10159-3,Residential Conveyancing,2026-04-06,Deposit,97614.64,Trust receipt - client funds,False,New Zealand
TXN-101974,CUST-10334,MTR-10334-2,Company Formation,2026-04-06,Withdrawal,617.46,Trust disbursement - settlement,False,Germany
TXN-102233,CUST-10375,MTR-10375-8,Residential Conveyancing,2026-04-06,Withdrawal,413058.8,Trust disbursement - settlement,False,United States
TXN-100500,CUST-10082,MTR-10082-7,Estate Administration,2026-04-06,Deposit,5486.31,Trust receipt - client funds,False,Singapore
TXN-100177,CUST-10028,MTR-10028-8,Nominee Shareholder Arrangement,2026-04-06,Withdrawal,4782.86,Trust disbursement - settlement,False,United States
TXN-100585,CUST-10094,MTR-10094-1,Nominee Shareholder Arrangement,2026-04-07,Withdrawal,692.19,Trust disbursement - settlement,False,United Kingdom
TXN-102310,CUST-10390,MTR-10390-5,Business Sale & Purchase,2026-04-07,Deposit,58103.68,Trust receipt - client funds,False,Germany
TXN-101943,CUST-10329,MTR-10329-2,Residential Conveyancing,2026-04-07,Withdrawal,25181.9,Trust disbursement - settlement,False,Germany
TXN-100581,CUST-10094,MTR-10094-1,Nominee Shareholder Arrangement,2026-04-07,Withdrawal,6423.64,Trust disbursement - settlement,False,United Kingdom
TXN-100328,CUST-10053,MTR-10053-5,Estate Administration,2026-04-07,Withdrawal,854279.72,Trust disbursement - settlement,False,United States
TXN-102376,CUST-10402,MTR-10402-4,Commercial Conveyancing,2026-04-08,Withdrawal,98438.43,Trust disbursement - settlement,False,Cambodia
TXN-101385,CUST-10227,MTR-10227-4,Residential Conveyancing,2026-04-08,Withdrawal,15707.63,Trust disbursement - settlement,False,Germany
TXN-100817,CUST-10135,MTR-10135-2,Estate Administration,2026-04-08,Withdrawal,80582.41,Trust disbursement - settlement,False,Singapore
TXN-101722,CUST-10290,MTR-10290-7,Nominee Shareholder Arrangement,2026-04-08,Withdrawal,2810.37,Trust disbursement - settlement,False,Japan
TXN-100912,CUST-10149,MTR-10149-2,Residential Conveyancing,2026-04-08,Deposit,844348.18,Trust receipt - client funds,False,United States
TXN-100020,CUST-10003,MTR-10003-8,Business Sale & Purchase,2026-04-08,Withdrawal,376707.99,Trust disbursement - settlement,False,Singapore
TXN-102434,CUST-10412,MTR-10412-5,Estate Administration,2026-04-08,Withdrawal,44447.32,Trust disbursement - settlement,False,United Kingdom
TXN-101867,CUST-10314,MTR-10314-9,Residential Conveyancing,2026-04-08,Withdrawal,226464.67,Trust disbursement - settlement,False,New Zealand
TXN-101363,CUST-10224,MTR-10224-2,Company Formation,2026-04-08,Deposit,1904.44,Trust receipt - client funds,False,Singapore
TXN-100759,CUST-10125,MTR-10125-8,Nominee Shareholder Arrangement,2026-04-09,Deposit,812.93,Trust receipt - client funds,False,Yemen
TXN-100646,CUST-10106,MTR-10106-1,Debt Financing Transaction,2026-04-09,Deposit,81028.44,Trust receipt - client funds,False,Singapore
TXN-102438,CUST-10413,MTR-10413-2,Commercial Conveyancing,2026-04-09,Deposit,607813.03,Trust receipt - client funds,False,Australia
TXN-101996,CUST-10337,MTR-10337-4,Company Formation,2026-04-09,Withdrawal,836.9,Trust disbursement - settlement,False,United Kingdom
TXN-101813,CUST-10304,MTR-10304-6,Trust Establishment,2026-04-09,Withdrawal,8280.34,Trust disbursement - settlement,False,Japan
TXN-102244,CUST-10377,MTR-10377-1,Nominee Director Arrangement,2026-04-09,Deposit,795.68,Trust receipt - client funds,False,Germany
TXN-101723,CUST-10290,MTR-10290-7,Nominee Shareholder Arrangement,2026-04-09,Withdrawal,7783.59,Trust disbursement - settlement,False,Japan
TXN-101368,CUST-10225,MTR-10225-3,Company Formation,2026-04-09,Deposit,1232.79,Trust receipt - client funds,False,United Kingdom
TXN-101102,CUST-10180,MTR-10180-4,Estate Administration,2026-04-10,Withdrawal,62378.3,Trust disbursement - settlement,False,United Kingdom
TXN-100998,CUST-10162,MTR-10162-2,Estate Administration,2026-04-10,Withdrawal,13232.29,Trust disbursement - settlement,False,Singapore
TXN-101872,CUST-10315,MTR-10315-8,Nominee Director Arrangement,2026-04-10,Withdrawal,771.0,Trust disbursement - settlement,False,Australia
TXN-101560,CUST-10261,MTR-10261-7,Residential Conveyancing,2026-04-10,Deposit,44967.81,Trust receipt - client funds,False,New Zealand
TXN-100884,CUST-10145,MTR-10145-3,Debt Financing Transaction,2026-04-10,Deposit,100045.35,Trust receipt - client funds,False,Japan
TXN-101021,CUST-10165,MTR-10165-3,Nominee Director Arrangement,2026-04-11,Deposit,5597.64,Trust receipt - client funds,False,Canada
TXN-100311,CUST-10050,MTR-10050-1,Commercial Conveyancing,2026-04-11,Withdrawal,228996.87,Trust disbursement - settlement,False,Panama
TXN-100493,CUST-10081,MTR-10081-6,Nominee Director Arrangement,2026-04-11,Deposit,4579.32,Trust receipt - client funds,False,United Kingdom
TXN-100837,CUST-10138,MTR-10138-8,Residential Conveyancing,2026-04-11,Deposit,21123.19,Trust receipt - client funds,False,Canada
TXN-101470,CUST-10243,MTR-10243-7,Business Sale & Purchase,2026-04-11,Withdrawal,31465.13,Trust disbursement - settlement,False,Australia
TXN-100833,CUST-10137,MTR-10137-8,Estate Administration,2026-04-11,Deposit,522040.78,Trust receipt - client funds,False,Panama
TXN-101600,CUST-10269,MTR-10269-1,Residential Conveyancing,2026-04-11,Withdrawal,67654.62,Trust disbursement - settlement,False,Australia
TXN-100660,CUST-10109,MTR-10109-8,Estate Administration,2026-04-11,Withdrawal,9426.73,Trust disbursement - settlement,False,Canada
TXN-100050,CUST-10008,MTR-10008-6,Nominee Shareholder Arrangement,2026-04-11,Deposit,781.81,Trust receipt - client funds,False,Australia
TXN-101071,CUST-10173,MTR-10173-8,Debt Financing Transaction,2026-04-11,Deposit,112184.12,Trust receipt - client funds,False,United States
TXN-101026,CUST-10166,MTR-10166-2,Trust Establishment,2026-04-11,Deposit,36719.16,Trust receipt - client funds,False,Canada
TXN-100653,CUST-10108,MTR-10108-4,Trust Establishment,2026-04-11,Deposit,15127.26,Trust receipt - client funds,False,Germany
TXN-100972,CUST-10159,MTR-10159-3,Residential Conveyancing,2026-04-11,Withdrawal,589185.7,Trust disbursement - settlement,False,New Zealand
TXN-100413,CUST-10069,MTR-10069-1,Residential Conveyancing,2026-04-12,Deposit,40036.1,Trust receipt - client funds,False,Cambodia
TXN-102145,CUST-10361,MTR-10361-4,Estate Administration,2026-04-12,Deposit,18175.86,Trust receipt - client funds,False,Australia
TXN-101326,CUST-10218,MTR-10218-8,Trust Establishment,2026-04-12,Deposit,11271.0,Trust receipt - client funds,False,Cyprus
TXN-102336,CUST-10393,MTR-10393-9,Trust Establishment,2026-04-12,Deposit,2598.84,Trust receipt - client funds,False,Singapore
TXN-101240,CUST-10204,MTR-10204-2,Estate Administration,2026-04-12,Deposit,168897.6,Trust receipt - client funds,False,Cambodia
TXN-101900,CUST-10320,MTR-10320-5,Residential Conveyancing,2026-04-13,Withdrawal,98170.13,Trust disbursement - settlement,False,Singapore
TXN-100437,CUST-10072,MTR-10072-5,Nominee Shareholder Arrangement,2026-04-13,Withdrawal,7661.4,Trust disbursement - settlement,False,United Kingdom
TXN-101572,CUST-10263,MTR-10263-5,Residential Conveyancing,2026-04-13,Withdrawal,521905.65,Trust disbursement - settlement,False,United Arab Emirates
TXN-101954,CUST-10331,MTR-10331-1,Company Formation,2026-04-13,Deposit,3663.69,Trust receipt - client funds,False,New Zealand
TXN-101338,CUST-10220,MTR-10220-9,Nominee Director Arrangement,2026-04-13,Withdrawal,1872.99,Trust disbursement - settlement,False,United Kingdom
TXN-100329,CUST-10053,MTR-10053-5,Estate Administration,2026-04-14,Deposit,26666.48,Trust receipt - client funds,False,United States
TXN-101758,CUST-10295,MTR-10295-6,Nominee Director Arrangement,2026-04-14,Deposit,1809.92,Trust receipt - client funds,False,United States
TXN-101408,CUST-10231,MTR-10231-8,Company Formation,2026-04-14,Withdrawal,1783.6,Trust disbursement - settlement,False,Singapore
TXN-100731,CUST-10120,MTR-10120-7,Nominee Shareholder Arrangement,2026-04-14,Deposit,3182.59,Trust receipt - client funds,False,Singapore
TXN-101993,CUST-10336,MTR-10336-1,Debt Financing Transaction,2026-04-14,Withdrawal,449328.27,Trust disbursement - settlement,False,Canada
TXN-100257,CUST-10041,MTR-10041-4,Nominee Shareholder Arrangement,2026-04-15,Withdrawal,4057.38,Trust disbursement - settlement,False,United States
TXN-100995,CUST-10162,MTR-10162-2,Estate Administration,2026-04-15,Withdrawal,509031.33,Trust disbursement - settlement,False,Singapore
TXN-101871,CUST-10315,MTR-10315-8,Nominee Director Arrangement,2026-04-15,Deposit,7837.14,Trust receipt - client funds,False,Australia
TXN-101659,CUST-10278,MTR-10278-8,Commercial Conveyancing,2026-04-16,Withdrawal,475526.49,Trust disbursement - settlement,False,Singapore
TXN-100722,CUST-10118,MTR-10118-8,Residential Conveyancing,2026-04-16,Deposit,23093.06,Trust receipt - client funds,False,Canada
TXN-101502,CUST-10249,MTR-10249-1,Residential Conveyancing,2026-04-16,Withdrawal,174453.97,Trust disbursement - settlement,False,Cyprus
TXN-100599,CUST-10098,MTR-10098-7,Nominee Director Arrangement,2026-04-17,Deposit,1236.14,Trust receipt - client funds,False,Japan
TXN-101577,CUST-10264,MTR-10264-5,Commercial Conveyancing,2026-04-17,Deposit,1805612.58,Trust receipt - client funds,False,New Zealand
TXN-100944,CUST-10154,MTR-10154-1,Nominee Director Arrangement,2026-04-17,Withdrawal,6714.55,Trust disbursement - settlement,False,Australia
TXN-102006,CUST-10338,MTR-10338-7,Nominee Shareholder Arrangement,2026-04-18,Withdrawal,817.12,Trust disbursement - settlement,False,Japan
TXN-100961,CUST-10157,MTR-10157-6,Nominee Director Arrangement,2026-04-18,Withdrawal,4677.1,Trust disbursement - settlement,False,Australia
TXN-100174,CUST-10028,MTR-10028-8,Nominee Shareholder Arrangement,2026-04-18,Deposit,1210.75,Trust receipt - client funds,False,United States
TXN-102327,CUST-10392,MTR-10392-2,Commercial Conveyancing,2026-04-18,Deposit,1084206.96,Trust receipt - client funds,False,Australia
TXN-101582,CUST-10265,MTR-10265-4,Residential Conveyancing,2026-04-18,Withdrawal,479167.33,Trust disbursement - settlement,False,Singapore
TXN-102045,CUST-10345,MTR-10345-5,Company Formation,2026-04-18,Deposit,2917.08,Trust receipt - client funds,False,United Kingdom
TXN-101540,CUST-10257,MTR-10257-9,Company Formation,2026-04-18,Deposit,4746.33,Trust receipt - client funds,False,United States
TXN-101752,CUST-10294,MTR-10294-3,Nominee Director Arrangement,2026-04-18,Deposit,1297.59,Trust receipt - client funds,False,United States
TXN-101528,CUST-10254,MTR-10254-9,Nominee Director Arrangement,2026-04-18,Deposit,602.02,Trust receipt - client funds,False,Australia
TXN-100347,CUST-10055,MTR-10055-8,Nominee Director Arrangement,2026-04-18,Deposit,6055.72,Trust receipt - client funds,False,United States
TXN-102442,CUST-10413,MTR-10413-2,Commercial Conveyancing,2026-04-19,Withdrawal,1687080.76,Trust disbursement - settlement,False,Australia
TXN-101506,CUST-10250,MTR-10250-4,Estate Administration,2026-04-19,Deposit,90132.75,Trust receipt - client funds,False,New Zealand
TXN-101354,CUST-10223,MTR-10223-5,Nominee Director Arrangement,2026-04-19,Withdrawal,3777.36,Trust disbursement - settlement,False,Japan
TXN-101918,CUST-10323,MTR-10323-3,Company Formation,2026-04-19,Withdrawal,1260.9,Trust disbursement - settlement,False,Japan
TXN-101389,CUST-10228,MTR-10228-6,Commercial Conveyancing,2026-04-19,Deposit,1132651.52,Trust receipt - client funds,False,Germany
TXN-102192,CUST-10367,MTR-10367-5,Debt Financing Transaction,2026-04-19,Deposit,249049.85,Trust receipt - client funds,False,Canada
TXN-101361,CUST-10224,MTR-10224-2,Company Formation,2026-04-20,Deposit,14247.06,Trust receipt - client funds,False,Singapore
TXN-102282,CUST-10386,MTR-10386-6,Debt Financing Transaction,2026-04-20,Withdrawal,167566.22,Trust disbursement - settlement,False,United States
TXN-101040,CUST-10168,MTR-10168-8,Commercial Conveyancing,2026-04-20,Withdrawal,727268.16,Trust disbursement - settlement,False,Canada
TXN-101419,CUST-10233,MTR-10233-4,Commercial Conveyancing,2026-04-20,Deposit,170626.18,Trust receipt - client funds,False,Canada
TXN-101405,CUST-10231,MTR-10231-8,Company Formation,2026-04-20,Withdrawal,5145.81,Trust disbursement - settlement,False,Singapore
TXN-100253,CUST-10040,MTR-10040-8,Nominee Shareholder Arrangement,2026-04-21,Withdrawal,1349.71,Trust disbursement - settlement,False,Singapore
TXN-100265,CUST-10042,MTR-10042-4,Company Formation,2026-04-21,Deposit,11685.63,Trust receipt - client funds,False,New Zealand
TXN-100296,CUST-10048,MTR-10048-5,Debt Financing Transaction,2026-04-22,Deposit,201095.28,Trust receipt - client funds,False,United States
TXN-101739,CUST-10292,MTR-10292-4,Company Formation,2026-04-22,Deposit,1965.05,Trust receipt - client funds,False,Germany
TXN-101765,CUST-10297,MTR-10297-4,Nominee Director Arrangement,2026-04-22,Deposit,1310.46,Trust receipt - client funds,False,Singapore
TXN-100241,CUST-10038,MTR-10038-6,Trust Establishment,2026-04-23,Withdrawal,38165.91,Trust disbursement - settlement,False,New Zealand
TXN-100523,CUST-10085,MTR-10085-2,Debt Financing Transaction,2026-04-23,Deposit,1272667.48,Trust receipt - client funds,False,Australia
TXN-102024,CUST-10341,MTR-10341-3,Debt Financing Transaction,2026-04-23,Deposit,62291.98,Trust receipt - client funds,False,Australia
TXN-101681,CUST-10281,MTR-10281-3,Commercial Conveyancing,2026-04-23,Deposit,152632.76,Trust receipt - client funds,False,Japan
TXN-100939,CUST-10153,MTR-10153-2,Business Sale & Purchase,2026-04-24,Withdrawal,1022640.29,Trust disbursement - settlement,False,Germany
TXN-102344,CUST-10395,MTR-10395-2,Nominee Shareholder Arrangement,2026-04-24,Deposit,2165.39,Trust receipt - client funds,False,United Kingdom
TXN-101997,CUST-10337,MTR-10337-4,Company Formation,2026-04-24,Deposit,2178.84,Trust receipt - client funds,False,United Kingdom
TXN-101067,CUST-10172,MTR-10172-8,Commercial Conveyancing,2026-04-24,Deposit,2881002.54,Trust receipt - client funds,False,Japan
TXN-101726,CUST-10290,MTR-10290-7,Nominee Shareholder Arrangement,2026-04-24,Deposit,622.33,Trust receipt - client funds,False,Japan
TXN-102368,CUST-10400,MTR-10400-7,Nominee Director Arrangement,2026-04-24,Deposit,1736.66,Trust receipt - client funds,False,Canada
TXN-100211,CUST-10034,MTR-10034-9,Debt Financing Transaction,2026-04-24,Deposit,52138.58,Trust receipt - client funds,False,New Zealand
TXN-100739,CUST-10121,MTR-10121-7,Company Formation,2026-04-25,Deposit,3210.02,Trust receipt - client funds,False,Germany
TXN-100073,CUST-10012,MTR-10012-3,Estate Administration,2026-04-25,Deposit,33761.46,Trust receipt - client funds,False,United Kingdom
TXN-100455,CUST-10076,MTR-10076-3,Debt Financing Transaction,2026-04-25,Deposit,60444.56,Trust receipt - client funds,False,Australia
TXN-102194,CUST-10367,MTR-10367-5,Debt Financing Transaction,2026-04-25,Deposit,178528.55,Trust receipt - client funds,False,Canada
TXN-100554,CUST-10089,MTR-10089-9,Nominee Shareholder Arrangement,2026-04-26,Deposit,664.36,Trust receipt - client funds,False,Cyprus
TXN-101711,CUST-10288,MTR-10288-8,Company Formation,2026-04-26,Deposit,11787.71,Trust receipt - client funds,False,United Kingdom
TXN-101905,CUST-10321,MTR-10321-1,Debt Financing Transaction,2026-04-26,Withdrawal,1334808.92,Trust disbursement - settlement,False,Canada
TXN-102289,CUST-10387,MTR-10387-3,Commercial Conveyancing,2026-04-26,Deposit,2375288.67,Trust receipt - client funds,False,Japan
TXN-100392,CUST-10062,MTR-10062-9,Company Formation,2026-04-26,Deposit,3602.21,Trust receipt - client funds,False,Canada
TXN-102154,CUST-10362,MTR-10362-7,Business Sale & Purchase,2026-04-26,Withdrawal,1234319.82,Trust disbursement - settlement,False,United Kingdom
TXN-101779,CUST-10298,MTR-10298-7,Nominee Shareholder Arrangement,2026-04-26,Withdrawal,1437.9,Trust disbursement - settlement,False,Germany
TXN-100822,CUST-10136,MTR-10136-3,Commercial Conveyancing,2026-04-26,Withdrawal,484486.39,Trust disbursement - settlement,False,Singapore
TXN-100019,CUST-10003,MTR-10003-8,Business Sale & Purchase,2026-04-26,Deposit,72125.69,Trust receipt - client funds,False,Singapore
TXN-100247,CUST-10039,MTR-10039-3,Nominee Shareholder Arrangement,2026-04-26,Deposit,7925.75,Trust receipt - client funds,False,New Zealand
TXN-101387,CUST-10227,MTR-10227-4,Residential Conveyancing,2026-04-26,Withdrawal,753823.88,Trust disbursement - settlement,False,Germany
TXN-101920,CUST-10324,MTR-10324-2,Trust Establishment,2026-04-26,Deposit,3298.49,Trust receipt - client funds,False,Yemen
TXN-101740,CUST-10292,MTR-10292-4,Company Formation,2026-04-27,Withdrawal,10130.06,Trust disbursement - settlement,False,Germany
TXN-101611,CUST-10270,MTR-10270-8,Residential Conveyancing,2026-04-27,Deposit,348428.27,Trust receipt - client funds,False,Cyprus
TXN-100952,CUST-10155,MTR-10155-1,Nominee Shareholder Arrangement,2026-04-27,Withdrawal,933.85,Trust disbursement - settlement,False,Singapore
TXN-101552,CUST-10259,MTR-10259-1,Debt Financing Transaction,2026-04-27,Deposit,1328636.8,Trust receipt - client funds,False,Singapore
TXN-101551,CUST-10259,MTR-10259-1,Debt Financing Transaction,2026-04-27,Deposit,558380.05,Trust receipt - client funds,False,Singapore
TXN-100032,CUST-10005,MTR-10005-9,Debt Financing Transaction,2026-04-27,Deposit,1012483.92,Trust receipt - client funds,False,New Zealand
TXN-100443,CUST-10074,MTR-10074-3,Nominee Director Arrangement,2026-04-27,Withdrawal,5639.47,Trust disbursement - settlement,False,Germany
TXN-101951,CUST-10330,MTR-10330-9,Trust Establishment,2026-04-27,Withdrawal,5125.86,Trust disbursement - settlement,False,Singapore
TXN-100209,CUST-10033,MTR-10033-3,Business Sale & Purchase,2026-04-28,Withdrawal,546462.51,Trust disbursement - settlement,False,New Zealand
TXN-102104,CUST-10355,MTR-10355-4,Business Sale & Purchase,2026-04-28,Deposit,68689.31,Trust receipt - client funds,False,Japan
TXN-102131,CUST-10359,MTR-10359-7,Trust Establishment,2026-04-28,Deposit,1619.63,Trust receipt - client funds,False,Democratic Republic of Congo
TXN-101725,CUST-10290,MTR-10290-7,Nominee Shareholder Arrangement,2026-04-28,Withdrawal,1283.33,Trust disbursement - settlement,False,Japan
TXN-100395,CUST-10063,MTR-10063-7,Nominee Director Arrangement,2026-04-28,Withdrawal,1578.44,Trust disbursement - settlement,False,United States
TXN-102225,CUST-10374,MTR-10374-4,Commercial Conveyancing,2026-04-28,Deposit,2694626.62,Trust receipt - client funds,False,Germany
TXN-101017,CUST-10164,MTR-10164-6,Business Sale & Purchase,2026-04-28,Deposit,347601.21,Trust receipt - client funds,False,Singapore
TXN-100103,CUST-10018,MTR-10018-5,Nominee Director Arrangement,2026-04-29,Deposit,648.28,Trust receipt - client funds,False,Japan
TXN-100761,CUST-10125,MTR-10125-8,Nominee Shareholder Arrangement,2026-04-29,Deposit,872.81,Trust receipt - client funds,False,Yemen
TXN-102218,CUST-10372,MTR-10372-5,Company Formation,2026-04-29,Deposit,8101.01,Trust receipt - client funds,False,Japan
TXN-100492,CUST-10081,MTR-10081-6,Nominee Director Arrangement,2026-04-29,Withdrawal,6756.48,Trust disbursement - settlement,False,United Kingdom
TXN-101127,CUST-10184,MTR-10184-9,Trust Establishment,2026-04-30,Deposit,1120.97,Trust receipt - client funds,False,Australia
TXN-101733,CUST-10291,MTR-10291-2,Commercial Conveyancing,2026-04-30,Deposit,2844503.2,Trust receipt - client funds,False,New Zealand
TXN-101279,CUST-10211,MTR-10211-9,Trust Establishment,2026-05-01,Deposit,19928.24,Trust receipt - client funds,False,United Kingdom
TXN-101182,CUST-10193,MTR-10193-4,Nominee Shareholder Arrangement,2026-05-01,Withdrawal,4038.2,Trust disbursement - settlement,False,United States
TXN-101379,CUST-10226,MTR-10226-3,Trust Establishment,2026-05-01,Withdrawal,3574.86,Trust disbursement - settlement,False,Panama
TXN-102168,CUST-10364,MTR-10364-1,Trust Establishment,2026-05-01,Withdrawal,13082.01,Trust disbursement - settlement,False,Cambodia
TXN-100440,CUST-10073,MTR-10073-5,Estate Administration,2026-05-01,Withdrawal,99809.47,Trust disbursement - settlement,False,United Kingdom
TXN-102302,CUST-10388,MTR-10388-2,Trust Establishment,2026-05-01,Deposit,12005.99,Trust receipt - client funds,False,United States
TXN-100402,CUST-10065,MTR-10065-8,Business Sale & Purchase,2026-05-01,Withdrawal,159939.64,Trust disbursement - settlement,False,Germany
TXN-102323,CUST-10391,MTR-10391-5,Nominee Shareholder Arrangement,2026-05-02,Withdrawal,1857.99,Trust disbursement - settlement,False,Cambodia
TXN-100335,CUST-10054,MTR-10054-1,Business Sale & Purchase,2026-05-02,Withdrawal,262687.91,Trust disbursement - settlement,False,Singapore
TXN-101987,CUST-10336,MTR-10336-1,Debt Financing Transaction,2026-05-03,Deposit,212111.84,Trust receipt - client funds,False,Canada
TXN-100070,CUST-10011,MTR-10011-5,Commercial Conveyancing,2026-05-03,Withdrawal,193589.82,Trust disbursement - settlement,False,United States
TXN-102361,CUST-10398,MTR-10398-5,Nominee Director Arrangement,2026-05-03,Withdrawal,5097.85,Trust disbursement - settlement,False,Canada
TXN-100743,CUST-10122,MTR-10122-5,Estate Administration,2026-05-03,Deposit,860047.41,Trust receipt - client funds,False,Panama
TXN-102059,CUST-10348,MTR-10348-3,Trust Establishment,2026-05-03,Deposit,12175.0,Trust receipt - client funds,False,Germany
TXN-101498,CUST-10247,MTR-10247-4,Nominee Shareholder Arrangement,2026-05-04,Withdrawal,2084.55,Trust disbursement - settlement,False,United Kingdom
TXN-100900,CUST-10147,MTR-10147-3,Nominee Shareholder Arrangement,2026-05-04,Deposit,2967.61,Trust receipt - client funds,False,Canada
TXN-100408,CUST-10067,MTR-10067-3,Estate Administration,2026-05-04,Withdrawal,205912.39,Trust disbursement - settlement,False,Germany
TXN-101730,CUST-10291,MTR-10291-2,Commercial Conveyancing,2026-05-04,Deposit,145844.79,Trust receipt - client funds,False,New Zealand
TXN-101168,CUST-10191,MTR-10191-9,Debt Financing Transaction,2026-05-04,Deposit,261338.88,Trust receipt - client funds,False,United States
TXN-100451,CUST-10075,MTR-10075-6,Estate Administration,2026-05-04,Deposit,37751.8,Trust receipt - client funds,False,United States
TXN-102481,CUST-10419,MTR-10419-2,Nominee Shareholder Arrangement,2026-05-05,Deposit,7175.03,Trust receipt - client funds,False,Singapore
TXN-101809,CUST-10303,MTR-10303-4,Estate Administration,2026-05-05,Withdrawal,10696.06,Trust disbursement - settlement,False,United States
TXN-100365,CUST-10058,MTR-10058-4,Business Sale & Purchase,2026-05-05,Withdrawal,428435.36,Trust disbursement - settlement,False,Canada
TXN-100932,CUST-10152,MTR-10152-4,Estate Administration,2026-05-05,Deposit,19462.01,Trust receipt - client funds,False,New Zealand
TXN-101410,CUST-10232,MTR-10232-1,Company Formation,2026-05-05,Withdrawal,1286.45,Trust disbursement - settlement,False,Cambodia
TXN-100491,CUST-10081,MTR-10081-6,Nominee Director Arrangement,2026-05-05,Withdrawal,2167.07,Trust disbursement - settlement,False,United Kingdom
TXN-100934,CUST-10152,MTR-10152-4,Estate Administration,2026-05-06,Deposit,553122.14,Trust receipt - client funds,False,New Zealand
TXN-100677,CUST-10112,MTR-10112-9,Company Formation,2026-05-06,Withdrawal,1041.23,Trust disbursement - settlement,False,Canada
TXN-102473,CUST-10417,MTR-10417-4,Company Formation,2026-05-06,Deposit,3577.23,Trust receipt - client funds,False,Cyprus
TXN-101036,CUST-10167,MTR-10167-4,Company Formation,2026-05-06,Withdrawal,733.27,Trust disbursement - settlement,False,Panama
TXN-102324,CUST-10391,MTR-10391-5,Nominee Shareholder Arrangement,2026-05-06,Withdrawal,5345.0,Trust disbursement - settlement,False,Cambodia
TXN-100830,CUST-10137,MTR-10137-8,Estate Administration,2026-05-06,Deposit,54919.61,Trust receipt - client funds,False,Panama
TXN-100602,CUST-10099,MTR-10099-3,Business Sale & Purchase,2026-05-06,Withdrawal,126978.34,Trust disbursement - settlement,False,Singapore
TXN-100919,CUST-10150,MTR-10150-6,Residential Conveyancing,2026-05-07,Deposit,16673.34,Trust receipt - client funds,False,Japan
TXN-100650,CUST-10107,MTR-10107-2,Nominee Director Arrangement,2026-05-07,Deposit,4977.89,Trust receipt - client funds,False,Canada
TXN-101112,CUST-10182,MTR-10182-8,Nominee Shareholder Arrangement,2026-05-07,Withdrawal,1412.46,Trust disbursement - settlement,False,Germany
TXN-100068,CUST-10011,MTR-10011-5,Commercial Conveyancing,2026-05-07,Withdrawal,223613.66,Trust disbursement - settlement,False,United States
TXN-100655,CUST-10108,MTR-10108-4,Trust Establishment,2026-05-07,Deposit,5759.53,Trust receipt - client funds,False,Germany
TXN-100141,CUST-10023,MTR-10023-4,Commercial Conveyancing,2026-05-07,Withdrawal,587786.88,Trust disbursement - settlement,False,Canada
TXN-102038,CUST-10343,MTR-10343-6,Nominee Shareholder Arrangement,2026-05-07,Deposit,2401.73,Trust receipt - client funds,False,New Zealand
TXN-100314,CUST-10051,MTR-10051-1,Nominee Director Arrangement,2026-05-07,Withdrawal,7350.7,Trust disbursement - settlement,False,Panama
TXN-100263,CUST-10041,MTR-10041-4,Nominee Shareholder Arrangement,2026-05-07,Deposit,1321.66,Trust receipt - client funds,False,United States
TXN-100514,CUST-10084,MTR-10084-8,Trust Establishment,2026-05-07,Withdrawal,35691.15,Trust disbursement - settlement,False,Germany
TXN-100188,CUST-10030,MTR-10030-7,Nominee Director Arrangement,2026-05-07,Deposit,6154.01,Trust receipt - client funds,False,New Zealand
TXN-100717,CUST-10118,MTR-10118-8,Residential Conveyancing,2026-05-08,Deposit,31167.75,Trust receipt - client funds,False,Canada
TXN-100620,CUST-10102,MTR-10102-1,Estate Administration,2026-05-08,Deposit,883028.03,Trust receipt - client funds,False,New Zealand
TXN-102030,CUST-10341,MTR-10341-3,Debt Financing Transaction,2026-05-08,Deposit,67189.93,Trust receipt - client funds,False,Australia
TXN-100811,CUST-10134,MTR-10134-5,Nominee Shareholder Arrangement,2026-05-08,Withdrawal,4959.35,Trust disbursement - settlement,False,Canada
TXN-100360,CUST-10057,MTR-10057-6,Business Sale & Purchase,2026-05-08,Deposit,721538.84,Trust receipt - client funds,False,United Kingdom
TXN-101633,CUST-10273,MTR-10273-8,Company Formation,2026-05-08,Deposit,1024.09,Trust receipt - client funds,False,United States
TXN-100350,CUST-10056,MTR-10056-6,Debt Financing Transaction,2026-05-08,Deposit,492451.83,Trust receipt - client funds,False,Singapore
TXN-100391,CUST-10062,MTR-10062-9,Company Formation,2026-05-08,Withdrawal,1715.02,Trust disbursement - settlement,False,Canada
TXN-101634,CUST-10273,MTR-10273-8,Company Formation,2026-05-09,Withdrawal,1090.87,Trust disbursement - settlement,False,United States
TXN-100841,CUST-10138,MTR-10138-8,Residential Conveyancing,2026-05-09,Deposit,15751.48,Trust receipt - client funds,False,Canada
TXN-102052,CUST-10346,MTR-10346-3,Nominee Shareholder Arrangement,2026-05-09,Deposit,2963.45,Trust receipt - client funds,False,Canada
TXN-101466,CUST-10243,MTR-10243-7,Business Sale & Purchase,2026-05-09,Deposit,153920.31,Trust receipt - client funds,False,Australia
TXN-100586,CUST-10094,MTR-10094-1,Nominee Shareholder Arrangement,2026-05-09,Deposit,707.47,Trust receipt - client funds,False,United Kingdom
TXN-100774,CUST-10127,MTR-10127-6,Company Formation,2026-05-09,Deposit,12105.15,Trust receipt - client funds,False,Myanmar
TXN-102005,CUST-10338,MTR-10338-7,Nominee Shareholder Arrangement,2026-05-09,Withdrawal,7380.72,Trust disbursement - settlement,False,Japan
TXN-100400,CUST-10065,MTR-10065-8,Business Sale & Purchase,2026-05-09,Deposit,32717.48,Trust receipt - client funds,False,Germany
TXN-101276,CUST-10211,MTR-10211-9,Trust Establishment,2026-05-10,Deposit,17853.55,Trust receipt - client funds,False,United Kingdom
TXN-101691,CUST-10284,MTR-10284-4,Company Formation,2026-05-10,Deposit,845.62,Trust receipt - client funds,False,Germany
TXN-100009,CUST-10001,MTR-10001-9,Business Sale & Purchase,2026-05-10,Deposit,82373.87,Trust receipt - client funds,False,United Arab Emirates
TXN-100484,CUST-10080,MTR-10080-3,Company Formation,2026-05-10,Withdrawal,5882.18,Trust disbursement - settlement,False,Japan
TXN-100839,CUST-10138,MTR-10138-8,Residential Conveyancing,2026-05-10,Deposit,20066.83,Trust receipt - client funds,False,Canada
TXN-102134,CUST-10359,MTR-10359-7,Trust Establishment,2026-05-10,Deposit,8342.22,Trust receipt - client funds,False,Democratic Republic of Congo
TXN-102421,CUST-10410,MTR-10410-1,Residential Conveyancing,2026-05-10,Deposit,300406.28,Trust receipt - client funds,False,Canada
TXN-101673,CUST-10280,MTR-10280-6,Trust Establishment,2026-05-11,Deposit,2795.14,Trust receipt - client funds,False,Japan
TXN-100953,CUST-10156,MTR-10156-2,Debt Financing Transaction,2026-05-11,Withdrawal,680713.39,Trust disbursement - settlement,False,New Zealand
TXN-101048,CUST-10170,MTR-10170-9,Nominee Director Arrangement,2026-05-11,Withdrawal,2631.55,Trust disbursement - settlement,False,New Zealand
TXN-100556,CUST-10090,MTR-10090-1,Business Sale & Purchase,2026-05-11,Deposit,271098.52,Trust receipt - client funds,False,New Zealand
TXN-100517,CUST-10084,MTR-10084-8,Trust Establishment,2026-05-12,Withdrawal,39255.64,Trust disbursement - settlement,False,Germany
TXN-100518,CUST-10085,MTR-10085-2,Debt Financing Transaction,2026-05-12,Withdrawal,114166.65,Trust disbursement - settlement,False,Australia
TXN-101773,CUST-10298,MTR-10298-7,Nominee Shareholder Arrangement,2026-05-12,Withdrawal,892.69,Trust disbursement - settlement,False,Germany
TXN-100992,CUST-10162,MTR-10162-2,Estate Administration,2026-05-12,Deposit,91489.57,Trust receipt - client funds,False,Singapore
TXN-101672,CUST-10280,MTR-10280-6,Trust Establishment,2026-05-12,Deposit,1980.68,Trust receipt - client funds,False,Japan
TXN-102124,CUST-10358,MTR-10358-9,Nominee Director Arrangement,2026-05-12,Deposit,2000.32,Trust receipt - client funds,False,New Zealand
TXN-100249,CUST-10039,MTR-10039-3,Nominee Shareholder Arrangement,2026-05-13,Withdrawal,4216.22,Trust disbursement - settlement,False,New Zealand
TXN-100603,CUST-10099,MTR-10099-3,Business Sale & Purchase,2026-05-13,Deposit,43045.59,Trust receipt - client funds,False,Singapore
TXN-100567,CUST-10092,MTR-10092-3,Commercial Conveyancing,2026-05-13,Deposit,984669.97,Trust receipt - client funds,False,Germany
TXN-101027,CUST-10166,MTR-10166-2,Trust Establishment,2026-05-13,Deposit,1504.46,Trust receipt - client funds,False,Canada
TXN-100520,CUST-10085,MTR-10085-2,Debt Financing Transaction,2026-05-13,Deposit,445548.87,Trust receipt - client funds,False,Australia
TXN-101829,CUST-10305,MTR-10305-3,Company Formation,2026-05-14,Withdrawal,3207.42,Trust disbursement - settlement,False,United Kingdom
TXN-101728,CUST-10290,MTR-10290-7,Nominee Shareholder Arrangement,2026-05-14,Deposit,1031.11,Trust receipt - client funds,False,Japan
TXN-100337,CUST-10054,MTR-10054-1,Business Sale & Purchase,2026-05-14,Deposit,44307.42,Trust receipt - client funds,False,Singapore
TXN-101386,CUST-10227,MTR-10227-4,Residential Conveyancing,2026-05-14,Withdrawal,256984.87,Trust disbursement - settlement,False,Germany
TXN-101323,CUST-10218,MTR-10218-8,Trust Establishment,2026-05-14,Deposit,2524.17,Trust receipt - client funds,False,Cyprus
TXN-102058,CUST-10348,MTR-10348-3,Trust Establishment,2026-05-14,Deposit,18952.45,Trust receipt - client funds,False,Germany
TXN-100498,CUST-10082,MTR-10082-7,Estate Administration,2026-05-14,Withdrawal,16819.73,Trust disbursement - settlement,False,Singapore
TXN-101325,CUST-10218,MTR-10218-8,Trust Establishment,2026-05-14,Deposit,3753.74,Trust receipt - client funds,False,Cyprus
TXN-102078,CUST-10351,MTR-10351-3,Estate Administration,2026-05-15,Deposit,161525.57,Trust receipt - client funds,False,Japan
TXN-101381,CUST-10227,MTR-10227-4,Residential Conveyancing,2026-05-15,Deposit,290945.82,Trust receipt - client funds,False,Germany
TXN-100086,CUST-10015,MTR-10015-7,Estate Administration,2026-05-16,Deposit,19085.29,Trust receipt - client funds,False,New Zealand
TXN-100974,CUST-10160,MTR-10160-1,Estate Administration,2026-05-16,Withdrawal,75721.8,Trust disbursement - settlement,False,Australia
TXN-102188,CUST-10366,MTR-10366-2,Trust Establishment,2026-05-16,Withdrawal,18101.71,Trust disbursement - settlement,False,Democratic People's Republic of Korea
TXN-100383,CUST-10061,MTR-10061-6,Estate Administration,2026-05-16,Withdrawal,28255.4,Trust disbursement - settlement,False,Japan
TXN-100706,CUST-10115,MTR-10115-8,Business Sale & Purchase,2026-05-16,Deposit,222211.25,Trust receipt - client funds,False,Cambodia
TXN-100910,CUST-10148,MTR-10148-4,Debt Financing Transaction,2026-05-16,Withdrawal,86138.6,Trust disbursement - settlement,False,United Kingdom
TXN-100505,CUST-10082,MTR-10082-7,Estate Administration,2026-05-16,Deposit,15530.73,Trust receipt - client funds,False,Singapore
TXN-100547,CUST-10088,MTR-10088-3,Nominee Director Arrangement,2026-05-16,Deposit,508.93,Trust receipt - client funds,False,Cambodia
TXN-101172,CUST-10191,MTR-10191-9,Debt Financing Transaction,2026-05-16,Withdrawal,53653.14,Trust disbursement - settlement,False,United States
TXN-101463,CUST-10242,MTR-10242-2,Company Formation,2026-05-16,Deposit,1750.71,Trust receipt - client funds,False,Japan
TXN-100043,CUST-10007,MTR-10007-2,Estate Administration,2026-05-16,Deposit,8755.77,Trust receipt - client funds,False,United Kingdom
TXN-100558,CUST-10090,MTR-10090-1,Business Sale & Purchase,2026-05-17,Deposit,317703.29,Trust receipt - client funds,False,New Zealand
TXN-101988,CUST-10336,MTR-10336-1,Debt Financing Transaction,2026-05-17,Deposit,91109.23,Trust receipt - client funds,False,Canada
TXN-101412,CUST-10232,MTR-10232-1,Company Formation,2026-05-17,Withdrawal,2173.27,Trust disbursement - settlement,False,Cambodia
TXN-100819,CUST-10135,MTR-10135-2,Estate Administration,2026-05-17,Withdrawal,5324.83,Trust disbursement - settlement,False,Singapore
TXN-101289,CUST-10213,MTR-10213-8,Business Sale & Purchase,2026-05-18,Withdrawal,680529.11,Trust disbursement - settlement,False,Democratic Republic of Congo
TXN-102331,CUST-10392,MTR-10392-2,Commercial Conveyancing,2026-05-18,Deposit,174710.72,Trust receipt - client funds,False,Australia
TXN-100284,CUST-10045,MTR-10045-1,Residential Conveyancing,2026-05-18,Withdrawal,189237.14,Trust disbursement - settlement,False,Australia
TXN-101892,CUST-10319,MTR-10319-6,Business Sale & Purchase,2026-05-18,Deposit,64989.18,Trust receipt - client funds,False,United States
TXN-101915,CUST-10322,MTR-10322-1,Residential Conveyancing,2026-05-18,Deposit,230130.32,Trust receipt - client funds,False,United Kingdom
TXN-102266,CUST-10382,MTR-10382-2,Residential Conveyancing,2026-05-19,Withdrawal,169724.92,Trust disbursement - settlement,False,Japan
TXN-102013,CUST-10339,MTR-10339-7,Business Sale & Purchase,2026-05-20,Deposit,42951.21,Trust receipt - client funds,False,United States
TXN-100121,CUST-10021,MTR-10021-1,Nominee Shareholder Arrangement,2026-05-20,Withdrawal,5694.2,Trust disbursement - settlement,False,United Arab Emirates
TXN-100566,CUST-10092,MTR-10092-3,Commercial Conveyancing,2026-05-20,Withdrawal,108410.0,Trust disbursement - settlement,False,Germany
TXN-101929,CUST-10327,MTR-10327-6,Nominee Director Arrangement,2026-05-20,Deposit,9541.23,Trust receipt - client funds,False,Japan
TXN-100015,CUST-10002,MTR-10002-5,Residential Conveyancing,2026-05-20,Deposit,19505.09,Trust receipt - client funds,False,Singapore
TXN-101434,CUST-10236,MTR-10236-1,Company Formation,2026-05-21,Deposit,996.05,Trust receipt - client funds,False,Cambodia
TXN-101457,CUST-10241,MTR-10241-6,Company Formation,2026-05-21,Deposit,11931.54,Trust receipt - client funds,False,United Kingdom
TXN-101999,CUST-10337,MTR-10337-4,Company Formation,2026-05-21,Withdrawal,657.73,Trust disbursement - settlement,False,United Kingdom
TXN-101973,CUST-10333,MTR-10333-3,Nominee Shareholder Arrangement,2026-05-21,Deposit,4069.96,Trust receipt - client funds,False,Cambodia
TXN-100624,CUST-10102,MTR-10102-1,Estate Administration,2026-05-21,Withdrawal,171029.12,Trust disbursement - settlement,False,New Zealand
TXN-100034,CUST-10005,MTR-10005-9,Debt Financing Transaction,2026-05-21,Deposit,736009.16,Trust receipt - client funds,False,New Zealand
TXN-101109,CUST-10182,MTR-10182-8,Nominee Shareholder Arrangement,2026-05-21,Withdrawal,2646.89,Trust disbursement - settlement,False,Germany
TXN-101225,CUST-10202,MTR-10202-4,Residential Conveyancing,2026-05-21,Deposit,29431.66,Trust receipt - client funds,False,Australia
TXN-100489,CUST-10081,MTR-10081-6,Nominee Director Arrangement,2026-05-21,Deposit,530.37,Trust receipt - client funds,False,United Kingdom
TXN-101741,CUST-10292,MTR-10292-4,Company Formation,2026-05-22,Deposit,10515.38,Trust receipt - client funds,False,Germany
TXN-101095,CUST-10179,MTR-10179-9,Nominee Shareholder Arrangement,2026-05-22,Deposit,2916.8,Trust receipt - client funds,False,Australia
TXN-101736,CUST-10292,MTR-10292-4,Company Formation,2026-05-22,Deposit,1029.87,Trust receipt - client funds,False,Germany
TXN-101176,CUST-10192,MTR-10192-8,Nominee Director Arrangement,2026-05-22,Deposit,7109.72,Trust receipt - client funds,False,Germany
TXN-101348,CUST-10222,MTR-10222-5,Nominee Director Arrangement,2026-05-22,Withdrawal,712.75,Trust disbursement - settlement,False,Vanuatu
TXN-100745,CUST-10122,MTR-10122-5,Estate Administration,2026-05-22,Withdrawal,8585.5,Trust disbursement - settlement,False,Panama
TXN-101579,CUST-10264,MTR-10264-5,Commercial Conveyancing,2026-05-22,Withdrawal,671431.68,Trust disbursement - settlement,False,New Zealand
TXN-101802,CUST-10302,MTR-10302-2,Business Sale & Purchase,2026-05-23,Deposit,244592.03,Trust receipt - client funds,False,Singapore
TXN-101638,CUST-10274,MTR-10274-2,Debt Financing Transaction,2026-05-23,Deposit,1775750.43,Trust receipt - client funds,False,United Kingdom
TXN-102210,CUST-10371,MTR-10371-8,Nominee Director Arrangement,2026-05-23,Withdrawal,1793.69,Trust disbursement - settlement,False,Canada
TXN-100946,CUST-10155,MTR-10155-1,Nominee Shareholder Arrangement,2026-05-23,Deposit,1809.67,Trust receipt - client funds,False,Singapore
TXN-101050,CUST-10170,MTR-10170-9,Nominee Director Arrangement,2026-05-23,Deposit,648.61,Trust receipt - client funds,False,New Zealand
TXN-102477,CUST-10418,MTR-10418-9,Company Formation,2026-05-23,Withdrawal,12428.46,Trust disbursement - settlement,False,Australia
TXN-100013,CUST-10002,MTR-10002-5,Residential Conveyancing,2026-05-23,Withdrawal,174307.65,Trust disbursement - settlement,False,Singapore
TXN-101930,CUST-10327,MTR-10327-6,Nominee Director Arrangement,2026-05-23,Deposit,8849.76,Trust receipt - client funds,False,Japan
TXN-102158,CUST-10363,MTR-10363-4,Company Formation,2026-05-24,Deposit,9740.04,Trust receipt - client funds,False,United Kingdom
TXN-101388,CUST-10227,MTR-10227-4,Residential Conveyancing,2026-05-24,Withdrawal,87792.01,Trust disbursement - settlement,False,Germany
TXN-100354,CUST-10056,MTR-10056-6,Debt Financing Transaction,2026-05-24,Deposit,87490.77,Trust receipt - client funds,False,Singapore
TXN-102405,CUST-10408,MTR-10408-1,Business Sale & Purchase,2026-05-24,Withdrawal,1151364.65,Trust disbursement - settlement,False,New Zealand
TXN-101675,CUST-10280,MTR-10280-6,Trust Establishment,2026-05-24,Deposit,1962.99,Trust receipt - client funds,False,Japan
TXN-102318,CUST-10391,MTR-10391-5,Nominee Shareholder Arrangement,2026-05-25,Deposit,696.18,Trust receipt - client funds,False,Cambodia
TXN-101008,CUST-10163,MTR-10163-4,Business Sale & Purchase,2026-05-25,Withdrawal,536372.49,Trust disbursement - settlement,False,United States
TXN-100085,CUST-10015,MTR-10015-7,Estate Administration,2026-05-25,Deposit,476002.6,Trust receipt - client funds,False,New Zealand
TXN-101615,CUST-10271,MTR-10271-1,Residential Conveyancing,2026-05-25,Deposit,157984.99,Trust receipt - client funds,False,Singapore
TXN-100202,CUST-10032,MTR-10032-3,Company Formation,2026-05-26,Withdrawal,5424.83,Trust disbursement - settlement,False,Australia
TXN-101931,CUST-10327,MTR-10327-6,Nominee Director Arrangement,2026-05-26,Deposit,9492.73,Trust receipt - client funds,False,Japan
TXN-101780,CUST-10298,MTR-10298-7,Nominee Shareholder Arrangement,2026-05-26,Withdrawal,4703.14,Trust disbursement - settlement,False,Germany
TXN-100642,CUST-10105,MTR-10105-9,Company Formation,2026-05-26,Withdrawal,2273.74,Trust disbursement - settlement,False,United Kingdom
TXN-101163,CUST-10190,MTR-10190-8,Trust Establishment,2026-05-26,Deposit,37256.6,Trust receipt - client funds,False,Singapore
TXN-101643,CUST-10275,MTR-10275-9,Estate Administration,2026-05-26,Withdrawal,6919.44,Trust disbursement - settlement,False,United Kingdom
TXN-101796,CUST-10301,MTR-10301-3,Trust Establishment,2026-05-26,Withdrawal,1295.14,Trust disbursement - settlement,False,Japan
TXN-100845,CUST-10139,MTR-10139-2,Nominee Director Arrangement,2026-05-27,Withdrawal,4162.62,Trust disbursement - settlement,False,United Kingdom
TXN-101353,CUST-10222,MTR-10222-5,Nominee Director Arrangement,2026-05-27,Withdrawal,581.78,Trust disbursement - settlement,False,Vanuatu
TXN-101421,CUST-10233,MTR-10233-4,Commercial Conveyancing,2026-05-27,Withdrawal,215425.53,Trust disbursement - settlement,False,Canada
TXN-100553,CUST-10089,MTR-10089-9,Nominee Shareholder Arrangement,2026-05-27,Deposit,6625.88,Trust receipt - client funds,False,Cyprus
TXN-100940,CUST-10153,MTR-10153-2,Business Sale & Purchase,2026-05-27,Deposit,44211.92,Trust receipt - client funds,False,Germany
TXN-100048,CUST-10007,MTR-10007-2,Estate Administration,2026-05-27,Withdrawal,556903.21,Trust disbursement - settlement,False,United Kingdom
TXN-101546,CUST-10259,MTR-10259-1,Debt Financing Transaction,2026-05-27,Deposit,1334933.0,Trust receipt - client funds,False,Singapore
TXN-100929,CUST-10151,MTR-10151-3,Debt Financing Transaction,2026-05-28,Deposit,250513.44,Trust receipt - client funds,False,Singapore
TXN-100583,CUST-10094,MTR-10094-1,Nominee Shareholder Arrangement,2026-05-28,Deposit,4550.89,Trust receipt - client funds,False,United Kingdom
TXN-101698,CUST-10285,MTR-10285-3,Company Formation,2026-05-28,Withdrawal,1591.47,Trust disbursement - settlement,False,Canada
TXN-102365,CUST-10399,MTR-10399-3,Estate Administration,2026-05-28,Withdrawal,380397.26,Trust disbursement - settlement,False,Singapore
TXN-101229,CUST-10203,MTR-10203-7,Estate Administration,2026-05-28,Withdrawal,32432.61,Trust disbursement - settlement,False,Japan
TXN-102004,CUST-10338,MTR-10338-7,Nominee Shareholder Arrangement,2026-05-28,Withdrawal,5658.95,Trust disbursement - settlement,False,Japan
TXN-100062,CUST-10010,MTR-10010-9,Nominee Shareholder Arrangement,2026-05-28,Withdrawal,7397.96,Trust disbursement - settlement,False,Singapore
TXN-101321,CUST-10218,MTR-10218-8,Trust Establishment,2026-05-28,Deposit,3733.61,Trust receipt - client funds,False,Cyprus
TXN-102220,CUST-10372,MTR-10372-5,Company Formation,2026-05-28,Withdrawal,8343.01,Trust disbursement - settlement,False,Japan
TXN-100194,CUST-10030,MTR-10030-7,Nominee Director Arrangement,2026-05-28,Deposit,2882.56,Trust receipt - client funds,False,New Zealand
TXN-100386,CUST-10061,MTR-10061-6,Estate Administration,2026-05-29,Deposit,593601.63,Trust receipt - client funds,False,Japan
TXN-101932,CUST-10327,MTR-10327-6,Nominee Director Arrangement,2026-05-29,Deposit,9006.13,Trust receipt - client funds,False,Japan
TXN-101545,CUST-10259,MTR-10259-1,Debt Financing Transaction,2026-05-29,Deposit,102643.62,Trust receipt - client funds,False,Singapore
TXN-100726,CUST-10119,MTR-10119-6,Company Formation,2026-05-30,Withdrawal,8109.82,Trust disbursement - settlement,False,United Kingdom
TXN-101317,CUST-10217,MTR-10217-8,Nominee Shareholder Arrangement,2026-05-30,Withdrawal,3137.76,Trust disbursement - settlement,False,Singapore
TXN-100776,CUST-10128,MTR-10128-8,Trust Establishment,2026-05-30,Deposit,30964.88,Trust receipt - client funds,False,Australia
TXN-100285,CUST-10045,MTR-10045-1,Residential Conveyancing,2026-05-30,Deposit,20866.12,Trust receipt - client funds,False,Australia
TXN-101753,CUST-10294,MTR-10294-3,Nominee Director Arrangement,2026-05-30,Withdrawal,3815.84,Trust disbursement - settlement,False,United States
TXN-101314,CUST-10217,MTR-10217-8,Nominee Shareholder Arrangement,2026-05-31,Deposit,1641.26,Trust receipt - client funds,False,Singapore
TXN-100088,CUST-10016,MTR-10016-7,Nominee Director Arrangement,2026-05-31,Deposit,1316.62,Trust receipt - international wire,False,Democratic People's Republic of Korea
TXN-101690,CUST-10283,MTR-10283-2,Nominee Shareholder Arrangement,2026-05-31,Deposit,558.74,Trust receipt - client funds,False,Canada
TXN-100550,CUST-10089,MTR-10089-9,Nominee Shareholder Arrangement,2026-05-31,Deposit,7219.85,Trust receipt - client funds,False,Cyprus
TXN-101106,CUST-10182,MTR-10182-8,Nominee Shareholder Arrangement,2026-05-31,Deposit,1210.39,Trust receipt - client funds,False,Germany
TXN-100753,CUST-10125,MTR-10125-8,Nominee Shareholder Arrangement,2026-05-31,Deposit,2347.51,Trust receipt - third party (unrelated to matter),True,Yemen
TXN-100758,CUST-10125,MTR-10125-8,Nominee Shareholder Arrangement,2026-05-31,Deposit,7113.21,Trust receipt - client funds,False,Yemen
TXN-100216,CUST-10035,MTR-10035-5,Estate Administration,2026-06-01,Deposit,769681.51,Trust receipt - client funds,False,Canada
TXN-101873,CUST-10315,MTR-10315-8,Nominee Director Arrangement,2026-06-01,Withdrawal,7747.25,Trust disbursement - settlement,False,Australia
TXN-102215,CUST-10371,MTR-10371-8,Nominee Director Arrangement,2026-06-01,Withdrawal,996.14,Trust disbursement - settlement,False,Canada
TXN-100875,CUST-10143,MTR-10143-3,Company Formation,2026-06-01,Withdrawal,1375.58,Trust disbursement - settlement,False,Canada
TXN-101467,CUST-10243,MTR-10243-7,Business Sale & Purchase,2026-06-01,Withdrawal,27346.72,Trust disbursement - settlement,False,Australia
TXN-101676,CUST-10280,MTR-10280-6,Trust Establishment,2026-06-01,Withdrawal,21029.96,Trust disbursement - settlement,False,Japan
TXN-101249,CUST-10206,MTR-10206-3,Commercial Conveyancing,2026-06-01,Withdrawal,277675.65,Trust disbursement - settlement,False,United Kingdom
TXN-101605,CUST-10269,MTR-10269-1,Residential Conveyancing,2026-06-01,Deposit,250264.22,Trust receipt - client funds,False,Australia
TXN-100823,CUST-10136,MTR-10136-3,Commercial Conveyancing,2026-06-01,Deposit,139147.99,Trust receipt - client funds,False,Singapore
TXN-100033,CUST-10005,MTR-10005-9,Debt Financing Transaction,2026-06-01,Deposit,678262.61,Trust receipt - client funds,False,New Zealand
TXN-100396,CUST-10064,MTR-10064-6,Company Formation,2026-06-01,Deposit,6408.44,Trust receipt - client funds,False,United States
TXN-102335,CUST-10393,MTR-10393-9,Trust Establishment,2026-06-01,Withdrawal,7002.09,Trust disbursement - settlement,False,Singapore
TXN-101617,CUST-10271,MTR-10271-1,Residential Conveyancing,2026-06-02,Deposit,62862.33,Trust receipt - client funds,False,Singapore
TXN-101499,CUST-10248,MTR-10248-5,Trust Establishment,2026-06-02,Deposit,1843.06,Trust receipt - client funds,False,New Zealand
TXN-101242,CUST-10205,MTR-10205-9,Estate Administration,2026-06-02,Deposit,202976.56,Trust receipt - client funds,False,Japan
TXN-100082,CUST-10014,MTR-10014-9,Company Formation,2026-06-02,Withdrawal,904.75,Trust disbursement - settlement,False,Canada
TXN-101215,CUST-10200,MTR-10200-5,Nominee Shareholder Arrangement,2026-06-02,Deposit,5124.3,Trust receipt - client funds,False,Australia
TXN-100994,CUST-10162,MTR-10162-2,Estate Administration,2026-06-02,Withdrawal,209560.03,Trust disbursement - settlement,False,Singapore
TXN-100604,CUST-10100,MTR-10100-2,Estate Administration,2026-06-02,Deposit,136236.55,Trust receipt - client funds,False,United States
TXN-101968,CUST-10333,MTR-10333-3,Nominee Shareholder Arrangement,2026-06-03,Withdrawal,4187.56,Trust disbursement - settlement,False,Cambodia
TXN-102174,CUST-10364,MTR-10364-1,Trust Establishment,2026-06-03,Withdrawal,26304.77,Trust disbursement - settlement,False,Cambodia
TXN-100407,CUST-10066,MTR-10066-8,Residential Conveyancing,2026-06-03,Deposit,201945.17,Trust receipt - client funds,False,Australia
TXN-100485,CUST-10080,MTR-10080-3,Company Formation,2026-06-03,Deposit,624.47,Trust receipt - client funds,False,Japan
TXN-101626,CUST-10272,MTR-10272-5,Residential Conveyancing,2026-06-03,Withdrawal,185253.58,Trust disbursement - settlement,False,Germany
TXN-100652,CUST-10107,MTR-10107-2,Nominee Director Arrangement,2026-06-03,Deposit,996.44,Trust receipt - client funds,False,Canada
TXN-102358,CUST-10398,MTR-10398-5,Nominee Director Arrangement,2026-06-03,Deposit,1643.3,Trust receipt - client funds,False,Canada
TXN-100978,CUST-10160,MTR-10160-1,Estate Administration,2026-06-03,Deposit,134935.52,Trust receipt - client funds,False,Australia
TXN-100150,CUST-10025,MTR-10025-5,Business Sale & Purchase,2026-06-03,Withdrawal,68935.54,Trust disbursement - settlement,False,United States
TXN-101456,CUST-10241,MTR-10241-6,Company Formation,2026-06-03,Withdrawal,8215.18,Trust disbursement - settlement,False,United Kingdom
TXN-100352,CUST-10056,MTR-10056-6,Debt Financing Transaction,2026-06-04,Deposit,1352195.69,Trust receipt - client funds,False,Singapore
TXN-102409,CUST-10408,MTR-10408-1,Business Sale & Purchase,2026-06-04,Withdrawal,110694.79,Trust disbursement - settlement,False,New Zealand
TXN-100670,CUST-10111,MTR-10111-8,Nominee Director Arrangement,2026-06-04,Deposit,3234.92,Trust receipt - client funds,False,Japan
TXN-101438,CUST-10237,MTR-10237-6,Business Sale & Purchase,2026-06-04,Deposit,1260851.35,Trust receipt - client funds,False,Canada
TXN-101244,CUST-10205,MTR-10205-9,Estate Administration,2026-06-04,Withdrawal,508917.54,Trust disbursement - settlement,False,Japan
TXN-101815,CUST-10304,MTR-10304-6,Trust Establishment,2026-06-05,Deposit,1155.88,Trust receipt - client funds,False,Japan
TXN-100897,CUST-10147,MTR-10147-3,Nominee Shareholder Arrangement,2026-06-05,Deposit,647.06,Trust receipt - client funds,False,Canada
TXN-100063,CUST-10010,MTR-10010-9,Nominee Shareholder Arrangement,2026-06-05,Deposit,7208.95,Trust receipt - client funds,False,Singapore
TXN-101547,CUST-10259,MTR-10259-1,Debt Financing Transaction,2026-06-05,Deposit,795205.6,Trust receipt - client funds,False,Singapore
TXN-102226,CUST-10374,MTR-10374-4,Commercial Conveyancing,2026-06-05,Deposit,99902.69,Trust receipt - client funds,False,Germany
TXN-101610,CUST-10270,MTR-10270-8,Residential Conveyancing,2026-06-05,Deposit,16205.35,Trust receipt - client funds,False,Cyprus
TXN-100582,CUST-10094,MTR-10094-1,Nominee Shareholder Arrangement,2026-06-05,Deposit,2763.7,Trust receipt - client funds,False,United Kingdom
TXN-101158,CUST-10189,MTR-10189-4,Residential Conveyancing,2026-06-06,Deposit,787197.25,Trust receipt - client funds,False,United States
TXN-100095,CUST-10016,MTR-10016-7,Nominee Director Arrangement,2026-06-06,Deposit,782.69,Trust receipt - client funds,False,Germany
TXN-101958,CUST-10332,MTR-10332-6,Trust Establishment,2026-06-06,Deposit,6281.08,Trust receipt - client funds,False,Japan
TXN-102186,CUST-10366,MTR-10366-2,Trust Establishment,2026-06-06,Deposit,4624.75,Trust receipt - client funds,False,Democratic People's Republic of Korea
TXN-101365,CUST-10224,MTR-10224-2,Company Formation,2026-06-06,Withdrawal,4735.53,Trust disbursement - settlement,False,Singapore
TXN-100193,CUST-10030,MTR-10030-7,Nominee Director Arrangement,2026-06-06,Withdrawal,2451.65,Trust disbursement - settlement,False,New Zealand
TXN-101121,CUST-10184,MTR-10184-9,Trust Establishment,2026-06-06,Deposit,5997.14,Trust receipt - client funds,False,Australia
TXN-100896,CUST-10147,MTR-10147-3,Nominee Shareholder Arrangement,2026-06-06,Withdrawal,4521.46,Trust disbursement - settlement,False,Canada
TXN-101878,CUST-10316,MTR-10316-1,Company Formation,2026-06-07,Deposit,9023.43,Trust receipt - client funds,False,New Zealand
TXN-101959,CUST-10332,MTR-10332-6,Trust Establishment,2026-06-07,Withdrawal,6076.9,Trust disbursement - third party,False,Japan
TXN-101288,CUST-10212,MTR-10212-7,Estate Administration,2026-06-07,Withdrawal,78252.28,Trust disbursement - settlement,False,United States
TXN-101799,CUST-10301,MTR-10301-3,Trust Establishment,2026-06-07,Withdrawal,1783.3,Trust disbursement - settlement,False,Japan
TXN-102379,CUST-10402,MTR-10402-4,Commercial Conveyancing,2026-06-07,Deposit,760200.48,Trust receipt - client funds,False,Cambodia
TXN-100679,CUST-10112,MTR-10112-9,Company Formation,2026-06-07,Deposit,1908.78,Trust receipt - client funds,False,Canada
TXN-101866,CUST-10314,MTR-10314-9,Residential Conveyancing,2026-06-07,Deposit,39611.56,Trust receipt - client funds,False,New Zealand
TXN-100590,CUST-10095,MTR-10095-2,Company Formation,2026-06-07,Deposit,1436.85,Trust receipt - client funds,False,Democratic People's Republic of Korea
TXN-100591,CUST-10095,MTR-10095-2,Company Formation,2026-06-07,Deposit,2351.72,Trust receipt - client funds,False,Democratic People's Republic of Korea
TXN-101841,CUST-10309,MTR-10309-2,Nominee Director Arrangement,2026-06-07,Deposit,4436.7,Trust receipt - client funds,False,United Kingdom
TXN-101245,CUST-10205,MTR-10205-9,Estate Administration,2026-06-07,Withdrawal,22241.14,Trust disbursement - settlement,False,Japan
TXN-102043,CUST-10344,MTR-10344-7,Business Sale & Purchase,2026-06-08,Deposit,30129.87,Trust receipt - client funds,False,Panama
TXN-102240,CUST-10377,MTR-10377-1,Nominee Director Arrangement,2026-06-08,Deposit,806550.33,Trust receipt - client funds,False,Germany
TXN-100728,CUST-10119,MTR-10119-6,Company Formation,2026-06-08,Withdrawal,1086.1,Trust disbursement - settlement,False,United Kingdom
TXN-101794,CUST-10301,MTR-10301-3,Trust Establishment,2026-06-08,Deposit,12097.87,Trust receipt - client funds,False,Japan
TXN-102035,CUST-10342,MTR-10342-1,Trust Establishment,2026-06-08,Withdrawal,5946.57,Trust disbursement - settlement,False,Singapore
TXN-102268,CUST-10383,MTR-10383-6,Nominee Director Arrangement,2026-06-08,Deposit,5794.71,Trust receipt - client funds,False,Canada
TXN-101819,CUST-10304,MTR-10304-6,Trust Establishment,2026-06-08,Withdrawal,35252.1,Trust disbursement - settlement,False,Japan
TXN-101963,CUST-10332,MTR-10332-6,Trust Establishment,2026-06-09,Withdrawal,9618.0,Trust disbursement - settlement,False,Japan
TXN-100344,CUST-10055,MTR-10055-8,Nominee Director Arrangement,2026-06-09,Deposit,3973.57,Trust receipt - client funds,False,United States
TXN-102205,CUST-10370,MTR-10370-3,Nominee Director Arrangement,2026-06-09,Deposit,580.48,Trust receipt - client funds,False,United States
TXN-101097,CUST-10179,MTR-10179-9,Nominee Shareholder Arrangement,2026-06-09,Deposit,2732.64,Trust receipt - client funds,False,Australia
TXN-101282,CUST-10212,MTR-10212-7,Estate Administration,2026-06-09,Withdrawal,10744.31,Trust disbursement - settlement,False,United States
TXN-100323,CUST-10052,MTR-10052-5,Nominee Director Arrangement,2026-06-09,Deposit,687.46,Trust receipt - client funds,False,Canada
TXN-101632,CUST-10273,MTR-10273-8,Company Formation,2026-06-09,Deposit,636.64,Trust receipt - client funds,False,United States
TXN-101487,CUST-10246,MTR-10246-3,Business Sale & Purchase,2026-06-09,Withdrawal,55291.44,Trust disbursement - settlement,False,Australia
TXN-100820,CUST-10136,MTR-10136-3,Commercial Conveyancing,2026-06-09,Withdrawal,1802190.47,Trust disbursement - settlement,False,Singapore
TXN-101800,CUST-10302,MTR-10302-2,Business Sale & Purchase,2026-06-10,Deposit,915212.9,Trust receipt - client funds,False,Singapore
TXN-100342,CUST-10055,MTR-10055-8,Nominee Director Arrangement,2026-06-10,Deposit,1803.4,Trust receipt - client funds,False,United States
TXN-102080,CUST-10351,MTR-10351-3,Estate Administration,2026-06-10,Deposit,43908.89,Trust receipt - client funds,False,Japan
TXN-101537,CUST-10256,MTR-10256-8,Residential Conveyancing,2026-06-10,Withdrawal,97735.76,Trust disbursement - settlement,False,Japan
TXN-102040,CUST-10344,MTR-10344-7,Business Sale & Purchase,2026-06-10,Deposit,53381.44,Trust receipt - client funds,False,Panama
TXN-101402,CUST-10230,MTR-10230-8,Debt Financing Transaction,2026-06-10,Deposit,155040.27,Trust receipt - client funds,False,New Zealand
TXN-102212,CUST-10371,MTR-10371-8,Nominee Director Arrangement,2026-06-10,Deposit,1909.15,Trust receipt - client funds,False,Canada
TXN-101268,CUST-10210,MTR-10210-2,Residential Conveyancing,2026-06-11,Deposit,40594.6,Trust receipt - client funds,False,United States
TXN-102211,CUST-10371,MTR-10371-8,Nominee Director Arrangement,2026-06-11,Withdrawal,7756.27,Trust disbursement - settlement,False,Canada
TXN-101431,CUST-10236,MTR-10236-1,Company Formation,2026-06-11,Withdrawal,12429.68,Trust disbursement - settlement,False,Cambodia
TXN-100638,CUST-10105,MTR-10105-9,Company Formation,2026-06-11,Withdrawal,9141.14,Trust disbursement - settlement,False,United Kingdom
TXN-100266,CUST-10042,MTR-10042-4,Company Formation,2026-06-11,Deposit,2666.16,Trust receipt - client funds,False,New Zealand
TXN-100242,CUST-10038,MTR-10038-6,Trust Establishment,2026-06-11,Withdrawal,1741.71,Trust disbursement - settlement,False,New Zealand
TXN-101801,CUST-10302,MTR-10302-2,Business Sale & Purchase,2026-06-11,Withdrawal,872964.94,Trust disbursement - third party,False,Singapore
TXN-100721,CUST-10118,MTR-10118-8,Residential Conveyancing,2026-06-11,Deposit,262592.12,Trust receipt - client funds,False,Canada
TXN-100129,CUST-10022,MTR-10022-4,Commercial Conveyancing,2026-06-11,Deposit,445662.35,Trust receipt - client funds,False,Canada
TXN-100428,CUST-10071,MTR-10071-8,Business Sale & Purchase,2026-06-11,Withdrawal,133639.81,Trust disbursement - settlement,False,Yemen
TXN-101359,CUST-10224,MTR-10224-2,Company Formation,2026-06-11,Deposit,10745.96,Trust receipt - client funds,False,Singapore
TXN-102356,CUST-10397,MTR-10397-7,Debt Financing Transaction,2026-06-12,Deposit,384248.87,Trust receipt - client funds,False,Canada
TXN-102337,CUST-10394,MTR-10394-2,Business Sale & Purchase,2026-06-12,Deposit,221184.06,Trust receipt - client funds,False,Vanuatu
TXN-102046,CUST-10345,MTR-10345-5,Company Formation,2026-06-12,Withdrawal,1153.76,Trust disbursement - settlement,False,United Kingdom
TXN-100613,CUST-10101,MTR-10101-9,Commercial Conveyancing,2026-06-12,Withdrawal,1188886.21,Trust disbursement - settlement,False,United Kingdom
TXN-100527,CUST-10086,MTR-10086-7,Company Formation,2026-06-12,Withdrawal,5855.3,Trust disbursement - settlement,False,Singapore
TXN-100463,CUST-10077,MTR-10077-5,Commercial Conveyancing,2026-06-12,Withdrawal,1037613.01,Trust disbursement - settlement,False,Japan
TXN-100887,CUST-10145,MTR-10145-3,Debt Financing Transaction,2026-06-12,Deposit,386255.01,Trust receipt - client funds,False,Japan
TXN-101901,CUST-10320,MTR-10320-5,Residential Conveyancing,2026-06-13,Deposit,15851.89,Trust receipt - client funds,False,Singapore
TXN-102073,CUST-10350,MTR-10350-7,Residential Conveyancing,2026-06-13,Deposit,122219.58,Trust receipt - client funds,False,United Kingdom
TXN-101529,CUST-10254,MTR-10254-9,Nominee Director Arrangement,2026-06-13,Withdrawal,5693.84,Trust disbursement - settlement,False,Australia
TXN-101019,CUST-10165,MTR-10165-3,Nominee Director Arrangement,2026-06-13,Withdrawal,3058.13,Trust disbursement - settlement,False,Canada
TXN-101503,CUST-10249,MTR-10249-1,Residential Conveyancing,2026-06-13,Deposit,40390.04,Trust receipt - client funds,False,Cyprus
TXN-101384,CUST-10227,MTR-10227-4,Residential Conveyancing,2026-06-13,Withdrawal,443739.9,Trust disbursement - settlement,False,Germany
TXN-101663,CUST-10278,MTR-10278-8,Commercial Conveyancing,2026-06-13,Deposit,358769.64,Trust receipt - client funds,False,Singapore
TXN-101677,CUST-10281,MTR-10281-3,Commercial Conveyancing,2026-06-13,Deposit,110280.01,Trust receipt - client funds,False,Japan
TXN-100331,CUST-10054,MTR-10054-1,Business Sale & Purchase,2026-06-13,Deposit,1165336.27,Trust receipt - client funds,False,Singapore
TXN-101714,CUST-10288,MTR-10288-8,Company Formation,2026-06-13,Withdrawal,533.66,Trust disbursement - settlement,False,United Kingdom
TXN-100404,CUST-10066,MTR-10066-8,Residential Conveyancing,2026-06-13,Withdrawal,683819.8,Trust disbursement - settlement,False,Australia
TXN-100014,CUST-10002,MTR-10002-5,Residential Conveyancing,2026-06-14,Deposit,29859.05,Trust receipt - client funds,False,Singapore
TXN-101058,CUST-10171,MTR-10171-6,Nominee Director Arrangement,2026-06-14,Deposit,667.53,Trust receipt - client funds,False,United States
TXN-101792,CUST-10301,MTR-10301-3,Trust Establishment,2026-06-14,Deposit,3703.12,Trust receipt - client funds,False,Japan
TXN-101444,CUST-10238,MTR-10238-4,Estate Administration,2026-06-14,Withdrawal,47621.77,Trust disbursement - settlement,False,Panama
TXN-101146,CUST-10187,MTR-10187-2,Nominee Shareholder Arrangement,2026-06-14,Withdrawal,1939.37,Trust disbursement - settlement,False,Japan
TXN-101411,CUST-10232,MTR-10232-1,Company Formation,2026-06-14,Deposit,1279.75,Trust receipt - client funds,False,Cambodia
TXN-100049,CUST-10007,MTR-10007-2,Estate Administration,2026-06-14,Withdrawal,18247.02,Trust disbursement - settlement,False,United Kingdom
TXN-101603,CUST-10269,MTR-10269-1,Residential Conveyancing,2026-06-14,Withdrawal,113079.87,Trust disbursement - settlement,False,Australia
TXN-101372,CUST-10226,MTR-10226-3,Trust Establishment,2026-06-14,Withdrawal,29887.42,Trust disbursement - settlement,False,Panama
TXN-101598,CUST-10269,MTR-10269-1,Residential Conveyancing,2026-06-15,Withdrawal,228671.87,Trust disbursement - settlement,False,Australia
TXN-100808,CUST-10134,MTR-10134-5,Nominee Shareholder Arrangement,2026-06-15,Deposit,857.67,Trust receipt - client funds,False,Canada
TXN-102284,CUST-10386,MTR-10386-6,Debt Financing Transaction,2026-06-15,Withdrawal,824618.53,Trust disbursement - settlement,False,United States
TXN-100385,CUST-10061,MTR-10061-6,Estate Administration,2026-06-15,Withdrawal,81459.84,Trust disbursement - settlement,False,Japan
TXN-100364,CUST-10058,MTR-10058-4,Business Sale & Purchase,2026-06-15,Deposit,345141.73,Trust receipt - client funds,False,Canada
TXN-102301,CUST-10388,MTR-10388-2,Trust Establishment,2026-06-15,Deposit,4403.82,Trust receipt - client funds,False,United States
TXN-101032,CUST-10167,MTR-10167-4,Company Formation,2026-06-15,Withdrawal,1409.69,Trust disbursement - settlement,False,Panama
TXN-100136,CUST-10022,MTR-10022-4,Commercial Conveyancing,2026-06-16,Withdrawal,302090.45,Trust disbursement - settlement,False,Canada
TXN-102002,CUST-10338,MTR-10338-7,Nominee Shareholder Arrangement,2026-06-16,Withdrawal,6790.51,Trust disbursement - settlement,False,Japan
TXN-101460,CUST-10242,MTR-10242-2,Company Formation,2026-06-16,Deposit,3649.82,Trust receipt - client funds,False,Japan
TXN-101054,CUST-10171,MTR-10171-6,Nominee Director Arrangement,2026-06-17,Deposit,2578.96,Trust receipt - client funds,False,United States
TXN-101763,CUST-10296,MTR-10296-9,Residential Conveyancing,2026-06-17,Withdrawal,128639.2,Trust disbursement - settlement,False,Japan
TXN-100797,CUST-10131,MTR-10131-2,Estate Administration,2026-06-17,Withdrawal,124827.33,Trust disbursement - settlement,False,Australia
TXN-101398,CUST-10229,MTR-10229-3,Trust Establishment,2026-06-17,Deposit,2519.21,Trust receipt - client funds,False,Japan
TXN-102425,CUST-10410,MTR-10410-1,Residential Conveyancing,2026-06-17,Withdrawal,101791.09,Trust disbursement - settlement,False,Canada
TXN-101448,CUST-10240,MTR-10240-7,Business Sale & Purchase,2026-06-17,Withdrawal,26447.32,Trust disbursement - settlement,False,United Arab Emirates
TXN-100914,CUST-10149,MTR-10149-2,Residential Conveyancing,2026-06-18,Deposit,200779.15,Trust receipt - client funds,False,United States
TXN-102049,CUST-10346,MTR-10346-3,Nominee Shareholder Arrangement,2026-06-18,Deposit,767433.2,Trust receipt - client funds,False,Canada
TXN-101390,CUST-10228,MTR-10228-6,Commercial Conveyancing,2026-06-18,Withdrawal,1927932.27,Trust disbursement - settlement,False,Germany
TXN-101237,CUST-10204,MTR-10204-2,Estate Administration,2026-06-18,Deposit,58089.04,Trust receipt - client funds,False,Cambodia
TXN-100615,CUST-10101,MTR-10101-9,Commercial Conveyancing,2026-06-18,Withdrawal,99948.81,Trust disbursement - settlement,False,United Kingdom
TXN-102366,CUST-10399,MTR-10399-3,Estate Administration,2026-06-18,Withdrawal,9226.35,Trust disbursement - settlement,False,Singapore
TXN-101177,CUST-10192,MTR-10192-8,Nominee Director Arrangement,2026-06-18,Deposit,512.44,Trust receipt - client funds,False,Germany
TXN-101170,CUST-10191,MTR-10191-9,Debt Financing Transaction,2026-06-18,Deposit,504439.16,Trust receipt - client funds,False,United States
TXN-100076,CUST-10012,MTR-10012-3,Estate Administration,2026-06-18,Deposit,80777.04,Trust receipt - client funds,False,United Kingdom
TXN-101970,CUST-10333,MTR-10333-3,Nominee Shareholder Arrangement,2026-06-18,Deposit,1253.02,Trust receipt - client funds,False,Cambodia
TXN-101524,CUST-10254,MTR-10254-9,Nominee Director Arrangement,2026-06-18,Withdrawal,1465.41,Trust disbursement - settlement,False,Australia
TXN-100501,CUST-10082,MTR-10082-7,Estate Administration,2026-06-18,Deposit,844409.58,Trust receipt - client funds,False,Singapore
TXN-100262,CUST-10041,MTR-10041-4,Nominee Shareholder Arrangement,2026-06-18,Deposit,520.58,Trust receipt - client funds,False,United States
TXN-101430,CUST-10235,MTR-10235-4,Business Sale & Purchase,2026-06-19,Withdrawal,90019.52,Trust disbursement - settlement,False,United States
TXN-101001,CUST-10163,MTR-10163-4,Business Sale & Purchase,2026-06-19,Deposit,461326.74,Trust receipt - client funds,False,United States
TXN-100771,CUST-10127,MTR-10127-6,Company Formation,2026-06-19,Deposit,1223.54,Trust receipt - client funds,False,Myanmar
TXN-100906,CUST-10148,MTR-10148-4,Debt Financing Transaction,2026-06-20,Deposit,680326.39,Trust receipt - client funds,False,United Kingdom
TXN-101222,CUST-10202,MTR-10202-4,Residential Conveyancing,2026-06-20,Deposit,192948.99,Trust receipt - client funds,False,Australia
TXN-101061,CUST-10171,MTR-10171-6,Nominee Director Arrangement,2026-06-20,Withdrawal,3050.19,Trust disbursement - settlement,False,United States
TXN-101754,CUST-10295,MTR-10295-6,Nominee Director Arrangement,2026-06-20,Deposit,4945.8,Trust receipt - client funds,False,United States
TXN-102181,CUST-10365,MTR-10365-7,Business Sale & Purchase,2026-06-20,Withdrawal,107915.05,Trust disbursement - settlement,False,Panama
TXN-100053,CUST-10008,MTR-10008-6,Nominee Shareholder Arrangement,2026-06-20,Deposit,2895.1,Trust receipt - client funds,False,Australia
TXN-101984,CUST-10335,MTR-10335-5,Trust Establishment,2026-06-20,Withdrawal,1254.41,Trust disbursement - settlement,False,Japan
TXN-102387,CUST-10404,MTR-10404-3,Nominee Shareholder Arrangement,2026-06-20,Deposit,4185.47,Trust receipt - client funds,False,Germany
TXN-101155,CUST-10189,MTR-10189-4,Residential Conveyancing,2026-06-20,Withdrawal,678119.73,Trust disbursement - settlement,False,United States
TXN-101631,CUST-10273,MTR-10273-8,Company Formation,2026-06-21,Withdrawal,1855.86,Trust disbursement - settlement,False,United States
TXN-100275,CUST-10043,MTR-10043-8,Residential Conveyancing,2026-06-21,Withdrawal,199413.56,Trust disbursement - settlement,False,Cambodia
TXN-100336,CUST-10054,MTR-10054-1,Business Sale & Purchase,2026-06-21,Withdrawal,784944.41,Trust disbursement - settlement,False,Singapore
TXN-102388,CUST-10404,MTR-10404-3,Nominee Shareholder Arrangement,2026-06-21,Withdrawal,1542.92,Trust disbursement - settlement,False,Germany
TXN-100405,CUST-10066,MTR-10066-8,Residential Conveyancing,2026-06-21,Deposit,67705.63,Trust receipt - client funds,False,Australia
TXN-101639,CUST-10274,MTR-10274-2,Debt Financing Transaction,2026-06-21,Deposit,253198.22,Trust receipt - client funds,False,United Kingdom
TXN-102360,CUST-10398,MTR-10398-5,Nominee Director Arrangement,2026-06-21,Deposit,671.12,Trust receipt - client funds,False,Canada
TXN-101291,CUST-10213,MTR-10213-8,Business Sale & Purchase,2026-06-22,Withdrawal,234334.83,Trust disbursement - settlement,False,Democratic Republic of Congo
TXN-100640,CUST-10105,MTR-10105-9,Company Formation,2026-06-22,Withdrawal,1159.21,Trust disbursement - settlement,False,United Kingdom
TXN-100801,CUST-10131,MTR-10131-2,Estate Administration,2026-06-22,Deposit,288270.46,Trust receipt - client funds,False,Australia
TXN-100871,CUST-10142,MTR-10142-8,Nominee Director Arrangement,2026-06-22,Deposit,6725.08,Trust receipt - client funds,False,United Arab Emirates
TXN-100770,CUST-10127,MTR-10127-6,Company Formation,2026-06-22,Withdrawal,1401.93,Trust disbursement - settlement,False,Myanmar
TXN-100867,CUST-10142,MTR-10142-8,Nominee Director Arrangement,2026-06-22,Withdrawal,3083.67,Trust disbursement - settlement,False,United Arab Emirates
TXN-101766,CUST-10297,MTR-10297-4,Nominee Director Arrangement,2026-06-22,Withdrawal,574.91,Trust disbursement - settlement,False,Singapore
TXN-100278,CUST-10044,MTR-10044-6,Trust Establishment,2026-06-22,Deposit,1864.85,Trust receipt - international wire,False,Democratic Republic of Congo
TXN-101264,CUST-10209,MTR-10209-5,Estate Administration,2026-06-22,Deposit,787125.44,Trust receipt - client funds,False,United Kingdom
TXN-101654,CUST-10277,MTR-10277-8,Trust Establishment,2026-06-22,Deposit,4684.18,Trust receipt - client funds,False,Australia
TXN-101369,CUST-10225,MTR-10225-3,Company Formation,2026-06-23,Withdrawal,3868.46,Trust disbursement - settlement,False,United Kingdom
TXN-101013,CUST-10164,MTR-10164-6,Business Sale & Purchase,2026-06-23,Deposit,830941.19,Trust receipt - client funds,False,Singapore
TXN-101548,CUST-10259,MTR-10259-1,Debt Financing Transaction,2026-06-23,Deposit,1425629.03,Trust receipt - client funds,False,Singapore
TXN-102325,CUST-10391,MTR-10391-5,Nominee Shareholder Arrangement,2026-06-23,Withdrawal,1283.44,Trust disbursement - settlement,False,Cambodia
TXN-101219,CUST-10201,MTR-10201-6,Trust Establishment,2026-06-23,Withdrawal,3176.89,Trust disbursement - settlement,False,New Zealand
TXN-100293,CUST-10047,MTR-10047-6,Residential Conveyancing,2026-06-23,Deposit,556778.14,Trust receipt - client funds,False,Panama
TXN-102048,CUST-10345,MTR-10345-5,Company Formation,2026-06-23,Withdrawal,14474.03,Trust disbursement - settlement,False,United Kingdom
TXN-100675,CUST-10112,MTR-10112-9,Company Formation,2026-06-23,Deposit,5217.77,Trust receipt - client funds,False,Canada
TXN-102084,CUST-10352,MTR-10352-4,Debt Financing Transaction,2026-06-24,Deposit,185110.87,Trust receipt - client funds,False,Vanuatu
TXN-102276,CUST-10384,MTR-10384-1,Nominee Shareholder Arrangement,2026-06-24,Withdrawal,641.29,Trust disbursement - settlement,False,Canada
TXN-100236,CUST-10037,MTR-10037-6,Trust Establishment,2026-06-24,Withdrawal,20785.19,Trust disbursement - settlement,False,Singapore
TXN-101510,CUST-10251,MTR-10251-3,Company Formation,2026-06-24,Deposit,740.32,Trust receipt - client funds,False,Singapore
TXN-100516,CUST-10084,MTR-10084-8,Trust Establishment,2026-06-24,Withdrawal,30641.84,Trust disbursement - settlement,False,Germany
TXN-101110,CUST-10182,MTR-10182-8,Nominee Shareholder Arrangement,2026-06-24,Withdrawal,3536.55,Trust disbursement - settlement,False,Germany
TXN-100184,CUST-10029,MTR-10029-2,Debt Financing Transaction,2026-06-24,Withdrawal,876657.89,Trust disbursement - settlement,False,United Kingdom
TXN-101811,CUST-10303,MTR-10303-4,Estate Administration,2026-06-24,Withdrawal,82696.27,Trust disbursement - settlement,False,United States
TXN-101197,CUST-10196,MTR-10196-4,Commercial Conveyancing,2026-06-25,Deposit,184162.84,Trust receipt - client funds,False,Japan
TXN-100986,CUST-10161,MTR-10161-7,Trust Establishment,2026-06-25,Deposit,5074.87,Trust receipt - client funds,False,Iran
TXN-100454,CUST-10076,MTR-10076-3,Debt Financing Transaction,2026-06-25,Deposit,449076.73,Trust receipt - client funds,False,Australia
TXN-100692,CUST-10113,MTR-10113-5,Trust Establishment,2026-06-25,Deposit,13007.09,Trust receipt - client funds,False,United Kingdom
TXN-100763,CUST-10126,MTR-10126-1,Residential Conveyancing,2026-06-26,Withdrawal,27754.06,Trust disbursement - settlement,False,Cyprus
TXN-101793,CUST-10301,MTR-10301-3,Trust Establishment,2026-06-26,Deposit,4591.21,Trust receipt - client funds,False,Japan
TXN-101803,CUST-10303,MTR-10303-4,Estate Administration,2026-06-26,Deposit,248789.62,Trust receipt - client funds,False,United States
TXN-101674,CUST-10280,MTR-10280-6,Trust Establishment,2026-06-26,Withdrawal,2240.71,Trust disbursement - settlement,False,Japan
TXN-100225,CUST-10036,MTR-10036-8,Trust Establishment,2026-06-26,Deposit,33313.19,Trust receipt - client funds,False,Singapore
TXN-102422,CUST-10410,MTR-10410-1,Residential Conveyancing,2026-06-26,Deposit,37707.76,Trust receipt - client funds,False,Canada
TXN-101764,CUST-10296,MTR-10296-9,Residential Conveyancing,2026-06-26,Withdrawal,22758.76,Trust disbursement - settlement,False,Japan
TXN-101459,CUST-10242,MTR-10242-2,Company Formation,2026-06-26,Deposit,11456.55,Trust receipt - client funds,False,Japan
TXN-102314,CUST-10390,MTR-10390-5,Business Sale & Purchase,2026-06-26,Withdrawal,67434.41,Trust disbursement - settlement,False,Germany
TXN-100045,CUST-10007,MTR-10007-2,Estate Administration,2026-06-27,Withdrawal,136222.52,Trust disbursement - settlement,False,United Kingdom
TXN-102406,CUST-10408,MTR-10408-1,Business Sale & Purchase,2026-06-27,Deposit,542106.13,Trust receipt - client funds,False,New Zealand
TXN-100221,CUST-10035,MTR-10035-5,Estate Administration,2026-06-27,Withdrawal,7335.02,Trust disbursement - settlement,False,Canada
TXN-101233,CUST-10203,MTR-10203-7,Estate Administration,2026-06-27,Deposit,53852.68,Trust receipt - client funds,False,Japan
TXN-101889,CUST-10318,MTR-10318-7,Commercial Conveyancing,2026-06-28,Withdrawal,1819089.75,Trust disbursement - settlement,False,Australia
TXN-101256,CUST-10207,MTR-10207-7,Commercial Conveyancing,2026-06-28,Deposit,252763.64,Trust receipt - client funds,False,Germany
TXN-102322,CUST-10391,MTR-10391-5,Nominee Shareholder Arrangement,2026-06-28,Withdrawal,1489.2,Trust disbursement - settlement,False,Cambodia
TXN-102375,CUST-10402,MTR-10402-4,Commercial Conveyancing,2026-06-28,Deposit,2423380.49,Trust receipt - client funds,False,Cambodia
TXN-100725,CUST-10119,MTR-10119-6,Company Formation,2026-06-28,Withdrawal,3869.22,Trust disbursement - settlement,False,United Kingdom
TXN-100334,CUST-10054,MTR-10054-1,Business Sale & Purchase,2026-06-28,Withdrawal,519714.24,Trust disbursement - settlement,False,Singapore
TXN-101713,CUST-10288,MTR-10288-8,Company Formation,2026-06-28,Withdrawal,626.19,Trust disbursement - settlement,False,United Kingdom
TXN-102178,CUST-10365,MTR-10365-7,Business Sale & Purchase,2026-06-28,Withdrawal,232119.63,Trust disbursement - settlement,False,Panama
TXN-101409,CUST-10231,MTR-10231-8,Company Formation,2026-06-29,Deposit,12417.53,Trust receipt - client funds,False,Singapore
TXN-101921,CUST-10324,MTR-10324-2,Trust Establishment,2026-06-29,Deposit,11626.78,Trust receipt - client funds,False,Yemen
TXN-101883,CUST-10316,MTR-10316-1,Company Formation,2026-06-29,Withdrawal,3315.36,Trust disbursement - settlement,False,New Zealand
TXN-100132,CUST-10022,MTR-10022-4,Commercial Conveyancing,2026-06-29,Deposit,707359.7,Trust receipt - client funds,False,Canada
TXN-101797,CUST-10301,MTR-10301-3,Trust Establishment,2026-06-29,Deposit,4297.63,Trust receipt - client funds,False,Japan
TXN-100651,CUST-10107,MTR-10107-2,Nominee Director Arrangement,2026-06-29,Withdrawal,1651.24,Trust disbursement - settlement,False,Canada
TXN-102041,CUST-10344,MTR-10344-7,Business Sale & Purchase,2026-06-29,Deposit,229297.93,Trust receipt - client funds,False,Panama
TXN-101840,CUST-10308,MTR-10308-9,Trust Establishment,2026-06-29,Deposit,2244890.52,Trust receipt - client funds,False,Australia
TXN-100756,CUST-10125,MTR-10125-8,Nominee Shareholder Arrangement,2026-06-29,Deposit,590.73,Trust receipt - client funds,False,Yemen
TXN-101949,CUST-10329,MTR-10329-2,Residential Conveyancing,2026-06-29,Deposit,112897.21,Trust receipt - client funds,False,Germany
TXN-102108,CUST-10355,MTR-10355-4,Business Sale & Purchase,2026-06-30,Withdrawal,143324.71,Trust disbursement - settlement,False,Japan
TXN-100320,CUST-10052,MTR-10052-5,Nominee Director Arrangement,2026-06-30,Deposit,1626.47,Trust receipt - client funds,False,Canada
TXN-101192,CUST-10195,MTR-10195-5,Nominee Shareholder Arrangement,2026-06-30,Deposit,3551.3,Trust receipt - client funds,False,Vanuatu
TXN-102382,CUST-10402,MTR-10402-4,Commercial Conveyancing,2026-06-30,Deposit,283816.68,Trust receipt - client funds,False,Cambodia
TXN-101539,CUST-10256,MTR-10256-8,Residential Conveyancing,2026-06-30,Deposit,212595.09,Trust receipt - client funds,False,Japan
TXN-100805,CUST-10133,MTR-10133-4,Commercial Conveyancing,2026-06-30,Withdrawal,1027954.71,Trust disbursement - settlement,False,Germany
TXN-100368,CUST-10059,MTR-10059-8,Nominee Director Arrangement,2026-06-30,Withdrawal,764.93,Trust disbursement - settlement,False,United Arab Emirates
TXN-100723,CUST-10119,MTR-10119-6,Company Formation,2026-06-30,Deposit,4307.36,Trust receipt - third party (unrelated to matter),True,United Kingdom
TXN-100479,CUST-10080,MTR-10080-3,Company Formation,2026-06-30,Withdrawal,1093.25,Trust disbursement - settlement,False,Japan
TXN-100052,CUST-10008,MTR-10008-6,Nominee Shareholder Arrangement,2026-07-01,Withdrawal,4699.42,Trust disbursement - settlement,False,Australia
TXN-100321,CUST-10052,MTR-10052-5,Nominee Director Arrangement,2026-07-01,Deposit,2042.65,Trust receipt - client funds,False,Canada
TXN-100371,CUST-10059,MTR-10059-8,Nominee Director Arrangement,2026-07-01,Withdrawal,2724.17,Trust disbursement - settlement,False,United Arab Emirates
TXN-100378,CUST-10060,MTR-10060-7,Business Sale & Purchase,2026-07-01,Deposit,158343.63,Trust receipt - client funds,False,Australia
TXN-101201,CUST-10196,MTR-10196-4,Commercial Conveyancing,2026-07-01,Deposit,299453.65,Trust receipt - client funds,False,Japan
TXN-100473,CUST-10079,MTR-10079-8,Commercial Conveyancing,2026-07-01,Deposit,155733.67,Trust receipt - client funds,False,New Zealand
TXN-101880,CUST-10316,MTR-10316-1,Company Formation,2026-07-01,Deposit,12001.65,Trust receipt - client funds,False,New Zealand
TXN-101937,CUST-10328,MTR-10328-9,Commercial Conveyancing,2026-07-01,Withdrawal,255627.89,Trust disbursement - settlement,False,Cambodia
TXN-100987,CUST-10161,MTR-10161-7,Trust Establishment,2026-07-01,Withdrawal,9677.08,Trust disbursement - settlement,False,Iran
TXN-100595,CUST-10097,MTR-10097-4,Residential Conveyancing,2026-07-01,Deposit,39854.33,Trust receipt - client funds,False,Germany
TXN-100979,CUST-10160,MTR-10160-1,Estate Administration,2026-07-02,Withdrawal,315125.73,Trust disbursement - settlement,False,Australia
TXN-101729,CUST-10291,MTR-10291-2,Commercial Conveyancing,2026-07-02,Withdrawal,112475.28,Trust disbursement - settlement,False,New Zealand
TXN-101908,CUST-10321,MTR-10321-1,Debt Financing Transaction,2026-07-02,Withdrawal,316552.85,Trust disbursement - settlement,False,Canada
TXN-100366,CUST-10059,MTR-10059-8,Nominee Director Arrangement,2026-07-02,Withdrawal,1800.03,Trust disbursement - settlement,False,United Arab Emirates
TXN-100054,CUST-10009,MTR-10009-8,Nominee Shareholder Arrangement,2026-07-02,Withdrawal,940.66,Trust disbursement - settlement,False,Canada
TXN-101000,CUST-10163,MTR-10163-4,Business Sale & Purchase,2026-07-02,Deposit,50923.05,Trust receipt - client funds,False,United States
TXN-101345,CUST-10221,MTR-10221-1,Residential Conveyancing,2026-07-02,Deposit,396120.31,Trust receipt - client funds,False,United States
TXN-100017,CUST-10003,MTR-10003-8,Business Sale & Purchase,2026-07-02,Withdrawal,28779.82,Trust disbursement - settlement,False,Singapore
TXN-102160,CUST-10363,MTR-10363-4,Company Formation,2026-07-03,Deposit,600.06,Trust receipt - client funds,False,United Kingdom
TXN-101417,CUST-10233,MTR-10233-4,Commercial Conveyancing,2026-07-03,Deposit,346807.81,Trust receipt - client funds,False,Canada
TXN-101089,CUST-10177,MTR-10177-5,Debt Financing Transaction,2026-07-03,Withdrawal,269084.24,Trust disbursement - settlement,False,United States
TXN-100975,CUST-10160,MTR-10160-1,Estate Administration,2026-07-03,Deposit,22209.78,Trust receipt - client funds,False,Australia
TXN-100171,CUST-10028,MTR-10028-8,Nominee Shareholder Arrangement,2026-07-03,Deposit,649.67,Trust receipt - client funds,False,United States
TXN-100927,CUST-10151,MTR-10151-3,Debt Financing Transaction,2026-07-03,Withdrawal,733115.57,Trust disbursement - settlement,False,Singapore
TXN-100696,CUST-10113,MTR-10113-5,Trust Establishment,2026-07-03,Deposit,3962.52,Trust receipt - client funds,False,United Kingdom
TXN-101760,CUST-10295,MTR-10295-6,Nominee Director Arrangement,2026-07-03,Withdrawal,7580.39,Trust disbursement - settlement,False,United States
TXN-100339,CUST-10054,MTR-10054-1,Business Sale & Purchase,2026-07-03,Withdrawal,57077.36,Trust disbursement - settlement,False,Singapore
TXN-100868,CUST-10142,MTR-10142-8,Nominee Director Arrangement,2026-07-03,Deposit,817.74,Trust receipt - client funds,False,United Arab Emirates
TXN-100280,CUST-10044,MTR-10044-6,Trust Establishment,2026-07-03,Deposit,1921.24,Trust receipt - client funds,False,Japan
TXN-101701,CUST-10286,MTR-10286-8,Commercial Conveyancing,2026-07-03,Deposit,402789.75,Trust receipt - client funds,False,Canada
TXN-102239,CUST-10376,MTR-10376-3,Business Sale & Purchase,2026-07-04,Withdrawal,1034281.9,Trust disbursement - settlement,False,United Kingdom
TXN-100772,CUST-10127,MTR-10127-6,Company Formation,2026-07-04,Deposit,1701.9,Trust receipt - client funds,False,Myanmar
TXN-101181,CUST-10193,MTR-10193-4,Nominee Shareholder Arrangement,2026-07-04,Withdrawal,742.98,Trust disbursement - settlement,False,United States
TXN-100123,CUST-10021,MTR-10021-1,Nominee Shareholder Arrangement,2026-07-04,Deposit,3453.51,Trust receipt - client funds,False,United Arab Emirates
TXN-100091,CUST-10016,MTR-10016-7,Nominee Director Arrangement,2026-07-04,Withdrawal,5849.63,Trust disbursement - settlement,False,Germany
TXN-100207,CUST-10033,MTR-10033-3,Business Sale & Purchase,2026-07-04,Withdrawal,1208624.1,Trust disbursement - settlement,False,New Zealand
TXN-102087,CUST-10352,MTR-10352-4,Debt Financing Transaction,2026-07-04,Deposit,131029.14,Trust receipt - client funds,False,Vanuatu
TXN-100732,CUST-10120,MTR-10120-7,Nominee Shareholder Arrangement,2026-07-04,Withdrawal,651.64,Trust disbursement - settlement,False,Singapore
TXN-101135,CUST-10186,MTR-10186-1,Nominee Director Arrangement,2026-07-04,Withdrawal,2245.16,Trust disbursement - settlement,False,United Kingdom
TXN-101795,CUST-10301,MTR-10301-3,Trust Establishment,2026-07-04,Deposit,11334.74,Trust receipt - client funds,False,Japan
TXN-100881,CUST-10143,MTR-10143-3,Company Formation,2026-07-05,Withdrawal,861.82,Trust disbursement - settlement,False,Canada
TXN-100080,CUST-10013,MTR-10013-4,Nominee Shareholder Arrangement,2026-07-05,Deposit,2573.21,Trust receipt - client funds,False,Cyprus
TXN-102378,CUST-10402,MTR-10402-4,Commercial Conveyancing,2026-07-06,Deposit,2319805.8,Trust receipt - client funds,False,Cambodia
TXN-101710,CUST-10288,MTR-10288-8,Company Formation,2026-07-06,Withdrawal,3425.29,Trust disbursement - settlement,False,United Kingdom
TXN-100643,CUST-10105,MTR-10105-9,Company Formation,2026-07-06,Deposit,2880.17,Trust receipt - client funds,False,United Kingdom
TXN-101165,CUST-10190,MTR-10190-8,Trust Establishment,2026-07-06,Withdrawal,21170.69,Trust disbursement - settlement,False,Singapore
TXN-101223,CUST-10202,MTR-10202-4,Residential Conveyancing,2026-07-06,Deposit,257148.13,Trust receipt - client funds,False,Australia
TXN-100198,CUST-10031,MTR-10031-7,Commercial Conveyancing,2026-07-06,Deposit,407801.05,Trust receipt - client funds,False,Democratic People's Republic of Korea
TXN-100318,CUST-10052,MTR-10052-5,Nominee Director Arrangement,2026-07-06,Deposit,1226.64,Trust receipt - client funds,False,Canada
TXN-100101,CUST-10018,MTR-10018-5,Nominee Director Arrangement,2026-07-07,Deposit,3096.1,Trust receipt - client funds,False,Japan
TXN-100122,CUST-10021,MTR-10021-1,Nominee Shareholder Arrangement,2026-07-07,Deposit,3898.92,Trust receipt - client funds,False,United Arab Emirates
TXN-101154,CUST-10188,MTR-10188-6,Company Formation,2026-07-07,Deposit,9638.73,Trust receipt - client funds,False,Japan
TXN-101653,CUST-10277,MTR-10277-8,Trust Establishment,2026-07-07,Deposit,1233.91,Trust receipt - client funds,False,Australia
TXN-101983,CUST-10335,MTR-10335-5,Trust Establishment,2026-07-07,Withdrawal,10927.2,Trust disbursement - settlement,False,Japan
TXN-101202,CUST-10196,MTR-10196-4,Commercial Conveyancing,2026-07-07,Withdrawal,872835.49,Trust disbursement - settlement,False,Japan
TXN-101658,CUST-10278,MTR-10278-8,Commercial Conveyancing,2026-07-07,Deposit,492283.4,Trust receipt - client funds,False,Singapore
TXN-101837,CUST-10307,MTR-10307-8,Commercial Conveyancing,2026-07-08,Withdrawal,1969400.94,Trust disbursement - settlement,False,New Zealand
TXN-101671,CUST-10280,MTR-10280-6,Trust Establishment,2026-07-08,Deposit,8214.48,Trust receipt - client funds,False,Japan
TXN-100100,CUST-10018,MTR-10018-5,Nominee Director Arrangement,2026-07-08,Withdrawal,5266.68,Trust disbursement - settlement,False,Japan
TXN-100474,CUST-10079,MTR-10079-8,Commercial Conveyancing,2026-07-08,Deposit,650088.25,Trust receipt - client funds,False,New Zealand
TXN-100319,CUST-10052,MTR-10052-5,Nominee Director Arrangement,2026-07-08,Withdrawal,1194.2,Trust disbursement - third party,False,Canada
TXN-101401,CUST-10230,MTR-10230-8,Debt Financing Transaction,2026-07-09,Withdrawal,144469.07,Trust disbursement - settlement,False,New Zealand
TXN-101495,CUST-10247,MTR-10247-4,Nominee Shareholder Arrangement,2026-07-09,Withdrawal,502.77,Trust disbursement - settlement,False,United Kingdom
TXN-101134,CUST-10186,MTR-10186-1,Nominee Director Arrangement,2026-07-09,Withdrawal,2321.16,Trust disbursement - settlement,False,United Kingdom
TXN-101709,CUST-10288,MTR-10288-8,Company Formation,2026-07-09,Deposit,5006.82,Trust receipt - client funds,False,United Kingdom
TXN-102465,CUST-10417,MTR-10417-4,Company Formation,2026-07-09,Deposit,13041.87,Trust receipt - client funds,False,Cyprus
TXN-102255,CUST-10380,MTR-10380-7,Company Formation,2026-07-09,Withdrawal,821.6,Trust disbursement - settlement,False,Canada
TXN-101130,CUST-10185,MTR-10185-1,Debt Financing Transaction,2026-07-09,Deposit,1383430.23,Trust receipt - client funds,False,Singapore
TXN-101550,CUST-10259,MTR-10259-1,Debt Financing Transaction,2026-07-10,Deposit,452531.31,Trust receipt - client funds,False,Singapore
TXN-100369,CUST-10059,MTR-10059-8,Nominee Director Arrangement,2026-07-10,Deposit,2540.16,Trust receipt - client funds,False,United Arab Emirates
TXN-100087,CUST-10015,MTR-10015-7,Estate Administration,2026-07-10,Deposit,153962.12,Trust receipt - client funds,False,New Zealand
TXN-102089,CUST-10352,MTR-10352-4,Debt Financing Transaction,2026-07-10,Withdrawal,405475.24,Trust disbursement - settlement,False,Vanuatu
TXN-100799,CUST-10131,MTR-10131-2,Estate Administration,2026-07-10,Deposit,11011.02,Trust receipt - client funds,False,Australia
TXN-101144,CUST-10187,MTR-10187-2,Nominee Shareholder Arrangement,2026-07-10,Withdrawal,1712.58,Trust disbursement - settlement,False,Japan
TXN-100324,CUST-10052,MTR-10052-5,Nominee Director Arrangement,2026-07-10,Deposit,2717.88,Trust receipt - client funds,False,Canada
TXN-100172,CUST-10028,MTR-10028-8,Nominee Shareholder Arrangement,2026-07-10,Deposit,3321.94,Trust receipt - client funds,False,United States
TXN-100918,CUST-10150,MTR-10150-6,Residential Conveyancing,2026-07-10,Deposit,57889.41,Trust receipt - client funds,False,Japan
TXN-100685,CUST-10113,MTR-10113-5,Trust Establishment,2026-07-10,Withdrawal,20427.7,Trust disbursement - settlement,False,United Kingdom
TXN-102320,CUST-10391,MTR-10391-5,Nominee Shareholder Arrangement,2026-07-11,Deposit,4799.82,Trust receipt - client funds,False,Cambodia
TXN-101612,CUST-10270,MTR-10270-8,Residential Conveyancing,2026-07-11,Deposit,175829.05,Trust receipt - client funds,False,Cyprus
TXN-101117,CUST-10182,MTR-10182-8,Nominee Shareholder Arrangement,2026-07-11,Deposit,1304.51,Trust receipt - client funds,False,Germany
TXN-100983,CUST-10161,MTR-10161-7,Trust Establishment,2026-07-11,Withdrawal,27053.61,Trust disbursement - settlement,False,Iran
TXN-101574,CUST-10264,MTR-10264-5,Commercial Conveyancing,2026-07-11,Withdrawal,2220666.76,Trust disbursement - settlement,False,New Zealand
TXN-101549,CUST-10259,MTR-10259-1,Debt Financing Transaction,2026-07-11,Withdrawal,821253.94,Trust disbursement - settlement,False,Singapore
TXN-100478,CUST-10079,MTR-10079-8,Commercial Conveyancing,2026-07-12,Deposit,239585.72,Trust receipt - client funds,False,New Zealand
TXN-100662,CUST-10109,MTR-10109-8,Estate Administration,2026-07-12,Deposit,638429.07,Trust receipt - client funds,False,Canada
TXN-100363,CUST-10058,MTR-10058-4,Business Sale & Purchase,2026-07-12,Deposit,476731.53,Trust receipt - client funds,False,Canada
TXN-100880,CUST-10143,MTR-10143-3,Company Formation,2026-07-12,Deposit,6656.39,Trust receipt - client funds,False,Canada
TXN-101453,CUST-10241,MTR-10241-6,Company Formation,2026-07-12,Withdrawal,12718.54,Trust disbursement - settlement,False,United Kingdom
TXN-102088,CUST-10352,MTR-10352-4,Debt Financing Transaction,2026-07-12,Deposit,649122.39,Trust receipt - client funds,False,Vanuatu
TXN-101209,CUST-10198,MTR-10198-8,Commercial Conveyancing,2026-07-12,Withdrawal,131066.3,Trust disbursement - settlement,False,Democratic Republic of Congo
TXN-102009,CUST-10339,MTR-10339-7,Business Sale & Purchase,2026-07-12,Withdrawal,1396405.14,Trust disbursement - settlement,False,United States
TXN-101199,CUST-10196,MTR-10196-4,Commercial Conveyancing,2026-07-13,Deposit,2961259.48,Trust receipt - client funds,False,Japan
TXN-101635,CUST-10273,MTR-10273-8,Company Formation,2026-07-13,Deposit,2465.46,Trust receipt - client funds,False,United States
TXN-101373,CUST-10226,MTR-10226-3,Trust Establishment,2026-07-13,Deposit,12965.33,Trust receipt - client funds,False,Panama
TXN-101734,CUST-10291,MTR-10291-2,Commercial Conveyancing,2026-07-13,Withdrawal,415674.57,Trust disbursement - settlement,False,New Zealand
TXN-100532,CUST-10087,MTR-10087-9,Trust Establishment,2026-07-13,Withdrawal,8060.03,Trust disbursement - settlement,False,Germany
TXN-101230,CUST-10203,MTR-10203-7,Estate Administration,2026-07-13,Withdrawal,719141.45,Trust disbursement - settlement,False,Japan
TXN-100259,CUST-10041,MTR-10041-4,Nominee Shareholder Arrangement,2026-07-14,Withdrawal,3521.81,Trust disbursement - settlement,False,United States
TXN-101299,CUST-10215,MTR-10215-6,Commercial Conveyancing,2026-07-14,Deposit,2985353.36,Trust receipt - client funds,False,Singapore
TXN-100628,CUST-10103,MTR-10103-4,Nominee Shareholder Arrangement,2026-07-14,Withdrawal,1304.72,Trust disbursement - settlement,False,Germany
TXN-101719,CUST-10289,MTR-10289-6,Company Formation,2026-07-14,Withdrawal,4001.07,Trust disbursement - settlement,False,Japan
TXN-101721,CUST-10290,MTR-10290-7,Nominee Shareholder Arrangement,2026-07-14,Withdrawal,3543.03,Trust disbursement - settlement,False,Japan
TXN-100573,CUST-10093,MTR-10093-9,Commercial Conveyancing,2026-07-15,Withdrawal,175588.68,Trust disbursement - settlement,False,New Zealand
TXN-102011,CUST-10339,MTR-10339-7,Business Sale & Purchase,2026-07-15,Withdrawal,701524.56,Trust disbursement - settlement,False,United States
TXN-102312,CUST-10390,MTR-10390-5,Business Sale & Purchase,2026-07-15,Deposit,29360.21,Trust receipt - client funds,False,Germany
TXN-102330,CUST-10392,MTR-10392-2,Commercial Conveyancing,2026-07-15,Withdrawal,165148.22,Trust disbursement - settlement,False,Australia
TXN-102446,CUST-10414,MTR-10414-2,Commercial Conveyancing,2026-07-15,Deposit,240037.23,Trust receipt - client funds,False,Australia
TXN-101520,CUST-10253,MTR-10253-3,Debt Financing Transaction,2026-07-15,Deposit,360681.62,Trust receipt - client funds,False,Japan
TXN-100153,CUST-10025,MTR-10025-5,Business Sale & Purchase,2026-07-15,Deposit,26517.58,Trust receipt - client funds,False,United States
TXN-101887,CUST-10318,MTR-10318-7,Commercial Conveyancing,2026-07-16,Withdrawal,2963121.9,Trust disbursement - settlement,False,Australia
TXN-100634,CUST-10104,MTR-10104-8,Business Sale & Purchase,2026-07-16,Deposit,59228.3,Trust receipt - client funds,False,Australia
TXN-101270,CUST-10210,MTR-10210-2,Residential Conveyancing,2026-07-16,Withdrawal,306624.05,Trust disbursement - settlement,False,United States
TXN-101599,CUST-10269,MTR-10269-1,Residential Conveyancing,2026-07-16,Withdrawal,231220.42,Trust disbursement - settlement,False,Australia
TXN-101450,CUST-10240,MTR-10240-7,Business Sale & Purchase,2026-07-16,Deposit,60143.29,Trust receipt - client funds,False,United Arab Emirates
TXN-100406,CUST-10066,MTR-10066-8,Residential Conveyancing,2026-07-16,Withdrawal,44750.24,Trust disbursement - settlement,False,Australia
TXN-100008,CUST-10001,MTR-10001-9,Business Sale & Purchase,2026-07-16,Deposit,146555.99,Trust receipt - client funds,False,United Arab Emirates
TXN-101584,CUST-10266,MTR-10266-9,Nominee Director Arrangement,2026-07-16,Deposit,1358.21,Trust receipt - client funds,False,United States
TXN-101006,CUST-10163,MTR-10163-4,Business Sale & Purchase,2026-07-17,Deposit,103904.05,Trust receipt - client funds,False,United States
TXN-100164,CUST-10027,MTR-10027-4,Nominee Shareholder Arrangement,2026-07-17,Withdrawal,2968.38,Trust disbursement - settlement,False,Cyprus
TXN-101952,CUST-10330,MTR-10330-9,Trust Establishment,2026-07-17,Deposit,9741.83,Trust receipt - client funds,False,Singapore
TXN-100092,CUST-10016,MTR-10016-7,Nominee Director Arrangement,2026-07-17,Deposit,4345.44,Trust receipt - client funds,False,Germany
TXN-101362,CUST-10224,MTR-10224-2,Company Formation,2026-07-17,Withdrawal,6502.59,Trust disbursement - settlement,False,Singapore
TXN-100612,CUST-10101,MTR-10101-9,Commercial Conveyancing,2026-07-17,Deposit,557723.1,Trust receipt - client funds,False,United Kingdom
TXN-101429,CUST-10235,MTR-10235-4,Business Sale & Purchase,2026-07-17,Deposit,303826.37,Trust receipt - client funds,False,United States
TXN-101440,CUST-10238,MTR-10238-4,Estate Administration,2026-07-17,Deposit,47513.54,Trust receipt - client funds,False,Panama
TXN-100182,CUST-10029,MTR-10029-2,Debt Financing Transaction,2026-07-18,Deposit,229091.13,Trust receipt - client funds,False,United Kingdom
TXN-101047,CUST-10170,MTR-10170-9,Nominee Director Arrangement,2026-07-18,Withdrawal,5012.37,Trust disbursement - settlement,False,New Zealand
TXN-101157,CUST-10189,MTR-10189-4,Residential Conveyancing,2026-07-18,Deposit,97121.01,Trust receipt - client funds,False,United States
TXN-101262,CUST-10209,MTR-10209-5,Estate Administration,2026-07-18,Withdrawal,23719.3,Trust disbursement - settlement,False,United Kingdom
TXN-101919,CUST-10324,MTR-10324-2,Trust Establishment,2026-07-18,Withdrawal,14707.75,Trust disbursement - settlement,False,Yemen
TXN-101091,CUST-10177,MTR-10177-5,Debt Financing Transaction,2026-07-18,Deposit,78137.46,Trust receipt - client funds,False,United States
TXN-101784,CUST-10299,MTR-10299-2,Trust Establishment,2026-07-18,Deposit,1812.52,Trust receipt - client funds,False,Japan
TXN-101785,CUST-10299,MTR-10299-2,Trust Establishment,2026-07-18,Deposit,11261.79,Trust receipt - client funds,False,Japan
TXN-100097,CUST-10017,MTR-10017-7,Trust Establishment,2026-07-18,Deposit,1018.85,Trust receipt - client funds,False,Australia
TXN-101541,CUST-10257,MTR-10257-9,Company Formation,2026-07-19,Deposit,2593.47,Trust receipt - client funds,False,United States
TXN-101808,CUST-10303,MTR-10303-4,Estate Administration,2026-07-19,Withdrawal,361724.52,Trust disbursement - settlement,False,United States
TXN-101852,CUST-10310,MTR-10310-5,Estate Administration,2026-07-19,Withdrawal,627006.41,Trust disbursement - settlement,False,Japan
TXN-100584,CUST-10094,MTR-10094-1,Nominee Shareholder Arrangement,2026-07-19,Deposit,1900.12,Trust receipt - client funds,False,United Kingdom
TXN-101227,CUST-10202,MTR-10202-4,Residential Conveyancing,2026-07-19,Deposit,221046.3,Trust receipt - client funds,False,Australia
TXN-100448,CUST-10075,MTR-10075-6,Estate Administration,2026-07-19,Deposit,7686.06,Trust receipt - client funds,False,United States
TXN-101124,CUST-10184,MTR-10184-9,Trust Establishment,2026-07-19,Deposit,35027.87,Trust receipt - client funds,False,Australia
TXN-102448,CUST-10414,MTR-10414-2,Commercial Conveyancing,2026-07-19,Deposit,455683.93,Trust receipt - client funds,False,Australia
TXN-100353,CUST-10056,MTR-10056-6,Debt Financing Transaction,2026-07-20,Withdrawal,916959.27,Trust disbursement - settlement,False,Singapore
TXN-100351,CUST-10056,MTR-10056-6,Debt Financing Transaction,2026-07-20,Deposit,357772.27,Trust receipt - client funds,False,Singapore
TXN-100645,CUST-10106,MTR-10106-1,Debt Financing Transaction,2026-07-20,Withdrawal,867202.16,Trust disbursement - settlement,False,Singapore
TXN-101278,CUST-10211,MTR-10211-9,Trust Establishment,2026-07-20,Withdrawal,1719.66,Trust disbursement - settlement,False,United Kingdom
TXN-101426,CUST-10234,MTR-10234-3,Commercial Conveyancing,2026-07-20,Withdrawal,798385.69,Trust disbursement - settlement,False,Singapore
TXN-101516,CUST-10252,MTR-10252-5,Trust Establishment,2026-07-20,Deposit,1069.14,Trust receipt - client funds,False,Australia
TXN-102086,CUST-10352,MTR-10352-4,Debt Financing Transaction,2026-07-20,Withdrawal,400276.68,Trust disbursement - settlement,False,Vanuatu
TXN-101218,CUST-10201,MTR-10201-6,Trust Establishment,2026-07-20,Withdrawal,22391.08,Trust disbursement - settlement,False,New Zealand
TXN-100997,CUST-10162,MTR-10162-2,Estate Administration,2026-07-20,Deposit,223199.86,Trust receipt - client funds,False,Singapore
TXN-101518,CUST-10252,MTR-10252-5,Trust Establishment,2026-07-20,Withdrawal,1290.08,Trust disbursement - settlement,False,Australia
TXN-100925,CUST-10151,MTR-10151-3,Debt Financing Transaction,2026-07-20,Deposit,81811.23,Trust receipt - client funds,False,Singapore
TXN-100734,CUST-10120,MTR-10120-7,Nominee Shareholder Arrangement,2026-07-21,Withdrawal,1749.66,Trust disbursement - settlement,False,Singapore
TXN-101884,CUST-10317,MTR-10317-4,Trust Establishment,2026-07-21,Withdrawal,26649.84,Trust disbursement - settlement,False,United States
TXN-100409,CUST-10067,MTR-10067-3,Estate Administration,2026-07-21,Deposit,153116.87,Trust receipt - client funds,False,Germany
TXN-100982,CUST-10161,MTR-10161-7,Trust Establishment,2026-07-21,Deposit,1973.06,Trust receipt - client funds,False,Iran
TXN-101045,CUST-10169,MTR-10169-7,Estate Administration,2026-07-21,Deposit,7534.72,Trust receipt - client funds,False,United Kingdom
TXN-101625,CUST-10272,MTR-10272-5,Residential Conveyancing,2026-07-21,Deposit,561652.45,Trust receipt - client funds,False,Germany
TXN-100222,CUST-10035,MTR-10035-5,Estate Administration,2026-07-21,Withdrawal,88728.34,Trust disbursement - settlement,False,Canada
TXN-100422,CUST-10071,MTR-10071-8,Business Sale & Purchase,2026-07-22,Deposit,8894.68,Trust receipt - client funds,False,Yemen
TXN-100760,CUST-10125,MTR-10125-8,Nominee Shareholder Arrangement,2026-07-22,Withdrawal,3387.03,Trust disbursement - settlement,False,Yemen
TXN-100641,CUST-10105,MTR-10105-9,Company Formation,2026-07-22,Withdrawal,9664.36,Trust disbursement - settlement,False,United Kingdom
TXN-100578,CUST-10093,MTR-10093-9,Commercial Conveyancing,2026-07-22,Withdrawal,458353.6,Trust disbursement - settlement,False,New Zealand
TXN-101344,CUST-10221,MTR-10221-1,Residential Conveyancing,2026-07-22,Deposit,78329.39,Trust receipt - client funds,False,United States
TXN-101184,CUST-10193,MTR-10193-4,Nominee Shareholder Arrangement,2026-07-22,Deposit,3104.07,Trust receipt - client funds,False,United States
TXN-101248,CUST-10206,MTR-10206-3,Commercial Conveyancing,2026-07-22,Deposit,323907.79,Trust receipt - client funds,False,United Kingdom
TXN-101173,CUST-10191,MTR-10191-9,Debt Financing Transaction,2026-07-22,Deposit,290336.64,Trust receipt - client funds,False,United States
TXN-100093,CUST-10016,MTR-10016-7,Nominee Director Arrangement,2026-07-22,Withdrawal,2965.19,Trust disbursement - settlement,False,Germany
TXN-101042,CUST-10169,MTR-10169-7,Estate Administration,2026-07-23,Deposit,108854.48,Trust receipt - client funds,False,United Kingdom
TXN-101650,CUST-10277,MTR-10277-8,Trust Establishment,2026-07-23,Deposit,5448.55,Trust receipt - client funds,False,Australia
TXN-100730,CUST-10120,MTR-10120-7,Nominee Shareholder Arrangement,2026-07-23,Deposit,1618.83,Trust receipt - client funds,False,Singapore
TXN-100423,CUST-10071,MTR-10071-8,Business Sale & Purchase,2026-07-23,Deposit,8677.19,Trust receipt - client funds,False,Yemen
TXN-100176,CUST-10028,MTR-10028-8,Nominee Shareholder Arrangement,2026-07-23,Deposit,533.33,Trust receipt - client funds,False,United States
TXN-102265,CUST-10382,MTR-10382-2,Residential Conveyancing,2026-07-23,Deposit,200965.56,Trust receipt - client funds,False,Japan
TXN-101052,CUST-10171,MTR-10171-6,Nominee Director Arrangement,2026-07-23,Deposit,2691.4,Trust receipt - client funds,False,United States
TXN-100189,CUST-10030,MTR-10030-7,Nominee Director Arrangement,2026-07-23,Withdrawal,644.01,Trust disbursement - settlement,False,New Zealand
TXN-100580,CUST-10093,MTR-10093-9,Commercial Conveyancing,2026-07-23,Withdrawal,158603.58,Trust disbursement - settlement,False,New Zealand
TXN-101544,CUST-10258,MTR-10258-9,Commercial Conveyancing,2026-07-23,Withdrawal,689023.72,Trust disbursement - settlement,False,Singapore
TXN-100981,CUST-10161,MTR-10161-7,Trust Establishment,2026-07-23,Deposit,2106.89,Trust receipt - client funds,False,Iran
TXN-101583,CUST-10266,MTR-10266-9,Nominee Director Arrangement,2026-07-23,Withdrawal,532.08,Trust disbursement - settlement,False,United States
TXN-101749,CUST-10294,MTR-10294-3,Nominee Director Arrangement,2026-07-24,Deposit,690.8,Trust receipt - client funds,False,United States
TXN-101296,CUST-10215,MTR-10215-6,Commercial Conveyancing,2026-07-24,Withdrawal,714513.13,Trust disbursement - settlement,False,Singapore
TXN-101161,CUST-10190,MTR-10190-8,Trust Establishment,2026-07-24,Withdrawal,8410.77,Trust disbursement - settlement,False,Singapore
TXN-102449,CUST-10414,MTR-10414-2,Commercial Conveyancing,2026-07-24,Deposit,185152.32,Trust receipt - client funds,False,Australia
TXN-102012,CUST-10339,MTR-10339-7,Business Sale & Purchase,2026-07-24,Withdrawal,78780.29,Trust disbursement - settlement,False,United States
TXN-100898,CUST-10147,MTR-10147-3,Nominee Shareholder Arrangement,2026-07-24,Withdrawal,2554.09,Trust disbursement - settlement,False,Canada
TXN-100179,CUST-10029,MTR-10029-2,Debt Financing Transaction,2026-07-24,Withdrawal,797076.25,Trust disbursement - settlement,False,United Kingdom
TXN-102098,CUST-10354,MTR-10354-6,Debt Financing Transaction,2026-07-24,Withdrawal,342174.21,Trust disbursement - settlement,False,United Kingdom
TXN-101003,CUST-10163,MTR-10163-4,Business Sale & Purchase,2026-07-24,Withdrawal,37747.54,Trust disbursement - settlement,False,United States
TXN-101300,CUST-10215,MTR-10215-6,Commercial Conveyancing,2026-07-24,Deposit,161307.23,Trust receipt - client funds,False,Singapore
TXN-100476,CUST-10079,MTR-10079-8,Commercial Conveyancing,2026-07-24,Withdrawal,90672.06,Trust disbursement - settlement,False,New Zealand
TXN-101746,CUST-10293,MTR-10293-3,Residential Conveyancing,2026-07-25,Deposit,24338.83,Trust receipt - client funds,False,Cambodia
TXN-101064,CUST-10172,MTR-10172-8,Commercial Conveyancing,2026-07-25,Deposit,94672.1,Trust receipt - client funds,False,Japan
TXN-100024,CUST-10004,MTR-10004-2,Nominee Shareholder Arrangement,2026-07-25,Deposit,1232.27,Trust receipt - client funds,False,Canada
TXN-102247,CUST-10378,MTR-10378-7,Commercial Conveyancing,2026-07-25,Withdrawal,367763.21,Trust disbursement - settlement,False,Germany
TXN-101652,CUST-10277,MTR-10277-8,Trust Establishment,2026-07-25,Deposit,20773.23,Trust receipt - client funds,False,Australia
TXN-100526,CUST-10086,MTR-10086-7,Company Formation,2026-07-25,Withdrawal,1209.64,Trust disbursement - settlement,False,Singapore
TXN-102016,CUST-10339,MTR-10339-7,Business Sale & Purchase,2026-07-25,Withdrawal,118940.57,Trust disbursement - settlement,False,United States
TXN-100108,CUST-10019,MTR-10019-3,Nominee Shareholder Arrangement,2026-07-26,Deposit,534.87,Trust receipt - client funds,False,United States
TXN-101575,CUST-10264,MTR-10264-5,Commercial Conveyancing,2026-07-26,Withdrawal,3154963.51,Trust disbursement - settlement,False,New Zealand
TXN-101651,CUST-10277,MTR-10277-8,Trust Establishment,2026-07-26,Withdrawal,3097.23,Trust disbursement - settlement,False,Australia
TXN-102308,CUST-10389,MTR-10389-2,Nominee Director Arrangement,2026-07-26,Deposit,3631.34,Trust receipt - client funds,False,New Zealand
TXN-100873,CUST-10142,MTR-10142-8,Nominee Director Arrangement,2026-07-26,Withdrawal,789.64,Trust disbursement - settlement,False,United Arab Emirates
TXN-101198,CUST-10196,MTR-10196-4,Commercial Conveyancing,2026-07-26,Deposit,849514.96,Trust receipt - client funds,False,Japan
TXN-100537,CUST-10087,MTR-10087-9,Trust Establishment,2026-07-26,Withdrawal,23050.64,Trust disbursement - settlement,False,Germany
TXN-100030,CUST-10004,MTR-10004-2,Nominee Shareholder Arrangement,2026-07-26,Withdrawal,2251.34,Trust disbursement - settlement,False,Canada
TXN-101374,CUST-10226,MTR-10226-3,Trust Establishment,2026-07-26,Withdrawal,14718.77,Trust disbursement - settlement,False,Panama
TXN-100031,CUST-10004,MTR-10004-2,Nominee Shareholder Arrangement,2026-07-26,Withdrawal,739.03,Trust disbursement - settlement,False,Canada
TXN-101877,CUST-10316,MTR-10316-1,Company Formation,2026-07-27,Deposit,3407.29,Trust receipt - client funds,False,New Zealand
TXN-101452,CUST-10240,MTR-10240-7,Business Sale & Purchase,2026-07-27,Withdrawal,68887.23,Trust disbursement - settlement,False,United Arab Emirates
TXN-100674,CUST-10112,MTR-10112-9,Company Formation,2026-07-27,Deposit,11860.26,Trust receipt - client funds,False,Canada
TXN-100004,CUST-10000,MTR-10000-9,Company Formation,2026-07-27,Withdrawal,536.26,Trust disbursement - settlement,False,Canada
TXN-100496,CUST-10082,MTR-10082-7,Estate Administration,2026-07-27,Deposit,22221.44,Trust receipt - client funds,False,Singapore
TXN-100891,CUST-10146,MTR-10146-4,Residential Conveyancing,2026-07-27,Deposit,27361.56,Trust receipt - client funds,False,United Kingdom
TXN-100005,CUST-10000,MTR-10000-9,Company Formation,2026-07-27,Deposit,13540.8,Trust receipt - client funds,False,Canada
TXN-101893,CUST-10319,MTR-10319-6,Business Sale & Purchase,2026-07-27,Withdrawal,323498.02,Trust disbursement - settlement,False,United States
TXN-100163,CUST-10027,MTR-10027-4,Nominee Shareholder Arrangement,2026-07-27,Deposit,608.06,Trust receipt - client funds,False,Cyprus
TXN-100676,CUST-10112,MTR-10112-9,Company Formation,2026-07-27,Withdrawal,4991.86,Trust disbursement - settlement,False,Canada
TXN-102435,CUST-10413,MTR-10413-2,Commercial Conveyancing,2026-07-27,Deposit,1930203.39,Trust receipt - client funds,False,Australia
TXN-102094,CUST-10353,MTR-10353-4,Residential Conveyancing,2026-07-27,Deposit,47521.18,Trust receipt - client funds,False,Germany
TXN-101303,CUST-10215,MTR-10215-6,Commercial Conveyancing,2026-07-27,Deposit,2599899.45,Trust receipt - client funds,False,Singapore
TXN-101521,CUST-10253,MTR-10253-3,Debt Financing Transaction,2026-07-27,Deposit,1092649.13,Trust receipt - client funds,False,Japan
TXN-102085,CUST-10352,MTR-10352-4,Debt Financing Transaction,2026-07-27,Deposit,889032.16,Trust receipt - client funds,False,Vanuatu
TXN-100577,CUST-10093,MTR-10093-9,Commercial Conveyancing,2026-07-27,Deposit,1940187.75,Trust receipt - client funds,False,New Zealand
TXN-102451,CUST-10414,MTR-10414-2,Commercial Conveyancing,2026-07-27,Deposit,272987.38,Trust receipt - client funds,False,Australia
TXN-102313,CUST-10390,MTR-10390-5,Business Sale & Purchase,2026-07-28,Withdrawal,1366779.51,Trust disbursement - settlement,False,Germany
TXN-100869,CUST-10142,MTR-10142-8,Nominee Director Arrangement,2026-07-28,Withdrawal,2265.94,Trust disbursement - settlement,False,United Arab Emirates
TXN-102346,CUST-10395,MTR-10395-2,Nominee Shareholder Arrangement,2026-07-28,Deposit,2110.01,Trust receipt - client funds,False,United Kingdom
TXN-100137,CUST-10022,MTR-10022-4,Commercial Conveyancing,2026-07-28,Withdrawal,127834.64,Trust disbursement - settlement,False,Canada
TXN-100781,CUST-10128,MTR-10128-8,Trust Establishment,2026-07-28,Withdrawal,24585.49,Trust disbursement - settlement,False,Australia
TXN-100742,CUST-10122,MTR-10122-5,Estate Administration,2026-07-28,Withdrawal,182222.59,Trust disbursement - settlement,False,Panama
TXN-101147,CUST-10188,MTR-10188-6,Company Formation,2026-07-28,Withdrawal,2520.05,Trust disbursement - settlement,False,Japan
TXN-101294,CUST-10214,MTR-10214-9,Commercial Conveyancing,2026-07-28,Deposit,1797493.63,Trust receipt - client funds,False,United Kingdom
TXN-100424,CUST-10071,MTR-10071-8,Business Sale & Purchase,2026-07-28,Deposit,9346.83,Trust receipt - client funds,False,Yemen
TXN-101148,CUST-10188,MTR-10188-6,Company Formation,2026-07-28,Withdrawal,3170.17,Trust disbursement - settlement,False,Japan
TXN-102371,CUST-10400,MTR-10400-7,Nominee Director Arrangement,2026-07-28,Deposit,1256.76,Trust receipt - client funds,False,Canada
TXN-101423,CUST-10234,MTR-10234-3,Commercial Conveyancing,2026-07-28,Deposit,239534.28,Trust receipt - client funds,False,Singapore
TXN-101035,CUST-10167,MTR-10167-4,Company Formation,2026-07-28,Withdrawal,9730.46,Trust disbursement - settlement,False,Panama
TXN-102100,CUST-10354,MTR-10354-6,Debt Financing Transaction,2026-07-28,Deposit,103144.3,Trust receipt - client funds,False,United Kingdom
TXN-100084,CUST-10015,MTR-10015-7,Estate Administration,2026-07-29,Deposit,608703.92,Trust receipt - third party (unrelated to matter),True,New Zealand
TXN-100379,CUST-10061,MTR-10061-6,Estate Administration,2026-07-29,Withdrawal,6644.65,Trust disbursement - settlement,False,Japan
TXN-100441,CUST-10074,MTR-10074-3,Nominee Director Arrangement,2026-07-29,Withdrawal,730.8,Trust disbursement - settlement,False,Germany
TXN-102429,CUST-10412,MTR-10412-5,Estate Administration,2026-07-29,Withdrawal,181546.28,Trust disbursement - settlement,False,United Kingdom
TXN-100576,CUST-10093,MTR-10093-9,Commercial Conveyancing,2026-07-29,Deposit,311523.85,Trust receipt - client funds,False,New Zealand
TXN-101715,CUST-10289,MTR-10289-6,Company Formation,2026-07-29,Deposit,13158.63,Trust receipt - client funds,False,Japan
TXN-102111,CUST-10355,MTR-10355-4,Business Sale & Purchase,2026-07-29,Withdrawal,35813.01,Trust disbursement - settlement,False,Japan
TXN-101143,CUST-10187,MTR-10187-2,Nominee Shareholder Arrangement,2026-07-29,Deposit,735.49,Trust receipt - client funds,False,Japan
TXN-101571,CUST-10263,MTR-10263-5,Residential Conveyancing,2026-07-29,Withdrawal,17184.51,Trust disbursement - settlement,False,United Arab Emirates
TXN-100863,CUST-10141,MTR-10141-8,Business Sale & Purchase,2026-07-29,Deposit,41113.82,Trust receipt - client funds,False,Japan
TXN-101311,CUST-10216,MTR-10216-1,Estate Administration,2026-07-30,Withdrawal,5324.34,Trust disbursement - settlement,False,Japan
TXN-100426,CUST-10071,MTR-10071-8,Business Sale & Purchase,2026-07-30,Deposit,9495.29,Trust receipt - client funds,False,Yemen
TXN-101621,CUST-10271,MTR-10271-1,Residential Conveyancing,2026-07-30,Deposit,21103.87,Trust receipt - client funds,False,Singapore
TXN-101823,CUST-10305,MTR-10305-3,Company Formation,2026-07-30,Deposit,753.0,Trust receipt - client funds,False,United Kingdom
TXN-100465,CUST-10077,MTR-10077-5,Commercial Conveyancing,2026-07-30,Deposit,705789.06,Trust receipt - client funds,False,Japan
TXN-102238,CUST-10376,MTR-10376-3,Business Sale & Purchase,2026-07-30,Deposit,1148544.5,Trust receipt - client funds,False,United Kingdom
TXN-100394,CUST-10063,MTR-10063-7,Nominee Director Arrangement,2026-07-30,Deposit,755.05,Trust receipt - client funds,False,United States
TXN-101694,CUST-10284,MTR-10284-4,Company Formation,2026-07-30,Deposit,3807.85,Trust receipt - client funds,False,Germany
TXN-101679,CUST-10281,MTR-10281-3,Commercial Conveyancing,2026-07-30,Deposit,1807275.21,Trust receipt - client funds,False,Japan
TXN-100380,CUST-10061,MTR-10061-6,Estate Administration,2026-07-30,Withdrawal,28505.66,Trust disbursement - settlement,False,Japan
TXN-100425,CUST-10071,MTR-10071-8,Business Sale & Purchase,2026-07-31,Deposit,9436.55,Trust receipt - client funds,False,Yemen
TXN-101831,CUST-10306,MTR-10306-2,Trust Establishment,2026-07-31,Withdrawal,1447.44,Trust disbursement - settlement,False,Singapore
TXN-100941,CUST-10153,MTR-10153-2,Business Sale & Purchase,2026-07-31,Deposit,221138.58,Trust receipt - client funds,False,Germany
TXN-101882,CUST-10316,MTR-10316-1,Company Formation,2026-07-31,Deposit,8223.27,Trust receipt - client funds,False,New Zealand
TXN-101152,CUST-10188,MTR-10188-6,Company Formation,2026-07-31,Withdrawal,5829.93,Trust disbursement - settlement,False,Japan
TXN-101522,CUST-10253,MTR-10253-3,Debt Financing Transaction,2026-07-31,Deposit,1034864.38,Trust receipt - client funds,False,Japan
TXN-101712,CUST-10288,MTR-10288-8,Company Formation,2026-07-31,Withdrawal,1866.78,Trust disbursement - settlement,False,United Kingdom
TXN-101283,CUST-10212,MTR-10212-7,Estate Administration,2026-07-31,Deposit,5207.81,Trust receipt - client funds,False,United States
TXN-100341,CUST-10055,MTR-10055-8,Nominee Director Arrangement,2026-07-31,Deposit,1421.86,Trust receipt - client funds,False,United States
TXN-101380,CUST-10227,MTR-10227-4,Residential Conveyancing,2026-07-31,Withdrawal,358564.58,Trust disbursement - settlement,False,Germany
TXN-101360,CUST-10224,MTR-10224-2,Company Formation,2026-07-31,Withdrawal,7772.38,Trust disbursement - settlement,False,Singapore
TXN-101015,CUST-10164,MTR-10164-6,Business Sale & Purchase,2026-08-01,Withdrawal,769707.52,Trust disbursement - settlement,False,Singapore
TXN-101891,CUST-10318,MTR-10318-7,Commercial Conveyancing,2026-08-01,Withdrawal,970191.66,Trust disbursement - settlement,False,Australia
TXN-101251,CUST-10206,MTR-10206-3,Commercial Conveyancing,2026-08-01,Withdrawal,126571.41,Trust disbursement - settlement,False,United Kingdom
TXN-101247,CUST-10205,MTR-10205-9,Estate Administration,2026-08-01,Withdrawal,6760.57,Trust disbursement - settlement,False,Japan
TXN-101782,CUST-10299,MTR-10299-2,Trust Establishment,2026-08-01,Withdrawal,5780.08,Trust disbursement - settlement,False,Japan
TXN-100427,CUST-10071,MTR-10071-8,Business Sale & Purchase,2026-08-01,Deposit,8301.34,Trust receipt - client funds,False,Yemen
TXN-101341,CUST-10221,MTR-10221-1,Residential Conveyancing,2026-08-02,Deposit,19819.11,Trust receipt - client funds,False,United States
TXN-102064,CUST-10349,MTR-10349-9,Trust Establishment,2026-08-02,Deposit,2290.42,Trust receipt - client funds,False,Myanmar
TXN-100506,CUST-10083,MTR-10083-8,Business Sale & Purchase,2026-08-02,Deposit,1446730.84,Trust receipt - client funds,False,Cambodia
TXN-100736,CUST-10120,MTR-10120-7,Nominee Shareholder Arrangement,2026-08-02,Withdrawal,796.67,Trust disbursement - settlement,False,Singapore
TXN-100990,CUST-10161,MTR-10161-7,Trust Establishment,2026-08-02,Withdrawal,19383.0,Trust disbursement - settlement,False,Iran
TXN-102317,CUST-10391,MTR-10391-5,Nominee Shareholder Arrangement,2026-08-02,Deposit,6019.27,Trust receipt - client funds,False,Cambodia
TXN-102411,CUST-10409,MTR-10409-1,Nominee Director Arrangement,2026-08-02,Deposit,1095.1,Trust receipt - client funds,False,Germany
TXN-100011,CUST-10002,MTR-10002-5,Residential Conveyancing,2026-08-02,Deposit,163978.95,Trust receipt - client funds,False,Singapore
TXN-100472,CUST-10079,MTR-10079-8,Commercial Conveyancing,2026-08-02,Deposit,2428808.64,Trust receipt - client funds,False,New Zealand
TXN-100010,CUST-10002,MTR-10002-5,Residential Conveyancing,2026-08-02,Deposit,119594.92,Trust receipt - client funds,False,Singapore
TXN-102419,CUST-10410,MTR-10410-1,Residential Conveyancing,2026-08-03,Withdrawal,174777.33,Trust disbursement - settlement,False,Canada
TXN-100741,CUST-10122,MTR-10122-5,Estate Administration,2026-08-03,Deposit,207657.93,Trust receipt - client funds,False,Panama
TXN-100181,CUST-10029,MTR-10029-2,Debt Financing Transaction,2026-08-03,Withdrawal,1931161.81,Trust disbursement - settlement,False,United Kingdom
TXN-100355,CUST-10056,MTR-10056-6,Debt Financing Transaction,2026-08-03,Withdrawal,157894.67,Trust disbursement - settlement,False,Singapore
TXN-102483,CUST-10419,MTR-10419-2,Nominee Shareholder Arrangement,2026-08-03,Deposit,520.07,Trust receipt - client funds,False,Singapore
TXN-101623,CUST-10272,MTR-10272-5,Residential Conveyancing,2026-08-03,Deposit,840574.21,Trust receipt - client funds,False,Germany
TXN-101220,CUST-10201,MTR-10201-6,Trust Establishment,2026-08-03,Withdrawal,18361.88,Trust disbursement - settlement,False,New Zealand
TXN-101720,CUST-10290,MTR-10290-7,Nominee Shareholder Arrangement,2026-08-03,Deposit,3640.66,Trust receipt - client funds,False,Japan
TXN-100977,CUST-10160,MTR-10160-1,Estate Administration,2026-08-03,Withdrawal,100369.2,Trust disbursement - settlement,False,Australia
TXN-100854,CUST-10140,MTR-10140-5,Debt Financing Transaction,2026-08-03,Deposit,1780521.11,Trust receipt - client funds,False,Myanmar
TXN-100913,CUST-10149,MTR-10149-2,Residential Conveyancing,2026-08-04,Withdrawal,648850.55,Trust disbursement - settlement,False,United States
TXN-100704,CUST-10114,MTR-10114-1,Debt Financing Transaction,2026-08-04,Deposit,292851.95,Trust receipt - client funds,False,Iran
TXN-100639,CUST-10105,MTR-10105-9,Company Formation,2026-08-04,Withdrawal,2667.62,Trust disbursement - settlement,False,United Kingdom
TXN-101925,CUST-10325,MTR-10325-2,Estate Administration,2026-08-04,Deposit,220255.39,Trust receipt - client funds,False,Cyprus
TXN-100439,CUST-10073,MTR-10073-5,Estate Administration,2026-08-04,Withdrawal,9215.75,Trust disbursement - settlement,False,United Kingdom
TXN-101306,CUST-10215,MTR-10215-6,Commercial Conveyancing,2026-08-05,Deposit,2943038.11,Trust receipt - client funds,False,Singapore
TXN-100094,CUST-10016,MTR-10016-7,Nominee Director Arrangement,2026-08-05,Withdrawal,631.37,Trust disbursement - settlement,False,Germany
TXN-101037,CUST-10167,MTR-10167-4,Company Formation,2026-08-05,Deposit,5475.19,Trust receipt - client funds,False,Panama
TXN-102407,CUST-10408,MTR-10408-1,Business Sale & Purchase,2026-08-05,Deposit,1179709.12,Trust receipt - client funds,False,New Zealand
TXN-101759,CUST-10295,MTR-10295-6,Nominee Director Arrangement,2026-08-05,Deposit,694.88,Trust receipt - client funds,False,United States
TXN-101029,CUST-10166,MTR-10166-2,Trust Establishment,2026-08-05,Withdrawal,1167.69,Trust disbursement - settlement,False,Canada
TXN-100002,CUST-10000,MTR-10000-9,Company Formation,2026-08-05,Deposit,3862.69,Trust receipt - client funds,False,Canada
TXN-100362,CUST-10058,MTR-10058-4,Business Sale & Purchase,2026-08-05,Withdrawal,481076.69,Trust disbursement - settlement,False,Canada
TXN-102321,CUST-10391,MTR-10391-5,Nominee Shareholder Arrangement,2026-08-05,Deposit,2619.42,Trust receipt - client funds,False,Cambodia
TXN-102033,CUST-10342,MTR-10342-1,Trust Establishment,2026-08-06,Withdrawal,4337.99,Trust disbursement - settlement,False,Singapore
TXN-100853,CUST-10140,MTR-10140-5,Debt Financing Transaction,2026-08-06,Withdrawal,58368.48,Trust disbursement - settlement,False,Myanmar
TXN-101896,CUST-10319,MTR-10319-6,Business Sale & Purchase,2026-08-06,Deposit,31954.22,Trust receipt - client funds,False,United States
TXN-100509,CUST-10083,MTR-10083-8,Business Sale & Purchase,2026-08-06,Deposit,357363.35,Trust receipt - client funds,False,Cambodia
TXN-100414,CUST-10069,MTR-10069-1,Residential Conveyancing,2026-08-06,Withdrawal,276988.57,Trust disbursement - settlement,False,Cambodia
TXN-102209,CUST-10371,MTR-10371-8,Nominee Director Arrangement,2026-08-06,Withdrawal,4323.46,Trust disbursement - settlement,False,Canada
TXN-102279,CUST-10385,MTR-10385-1,Nominee Director Arrangement,2026-08-06,Deposit,6517.14,Trust receipt - client funds,False,United States
TXN-101088,CUST-10177,MTR-10177-5,Debt Financing Transaction,2026-08-06,Withdrawal,206016.94,Trust disbursement - settlement,False,United States
TXN-102399,CUST-10406,MTR-10406-4,Residential Conveyancing,2026-08-06,Deposit,34890.52,Trust receipt - client funds,False,United Kingdom
TXN-100589,CUST-10095,MTR-10095-2,Company Formation,2026-08-07,Withdrawal,7534.62,Trust disbursement - settlement,False,Democratic People's Republic of Korea
TXN-101399,CUST-10230,MTR-10230-8,Debt Financing Transaction,2026-08-07,Deposit,60536.05,Trust receipt - client funds,False,New Zealand
TXN-101023,CUST-10166,MTR-10166-2,Trust Establishment,2026-08-07,Withdrawal,24270.73,Trust disbursement - settlement,False,Canada
TXN-100112,CUST-10019,MTR-10019-3,Nominee Shareholder Arrangement,2026-08-07,Withdrawal,7040.68,Trust disbursement - settlement,False,United States
TXN-100749,CUST-10123,MTR-10123-5,Nominee Director Arrangement,2026-08-07,Withdrawal,851.14,Trust disbursement - settlement,False,Panama
TXN-102383,CUST-10402,MTR-10402-4,Commercial Conveyancing,2026-08-07,Deposit,1854055.22,Trust receipt - client funds,False,Cambodia
TXN-102028,CUST-10341,MTR-10341-3,Debt Financing Transaction,2026-08-07,Deposit,115417.95,Trust receipt - client funds,False,Australia
TXN-101187,CUST-10194,MTR-10194-5,Debt Financing Transaction,2026-08-07,Withdrawal,63785.47,Trust disbursement - settlement,False,United States
TXN-102462,CUST-10416,MTR-10416-2,Commercial Conveyancing,2026-08-08,Withdrawal,2158824.69,Trust disbursement - settlement,False,Germany
TXN-101068,CUST-10172,MTR-10172-8,Commercial Conveyancing,2026-08-08,Deposit,271598.75,Trust receipt - client funds,False,Japan
TXN-100370,CUST-10059,MTR-10059-8,Nominee Director Arrangement,2026-08-08,Deposit,2032.92,Trust receipt - client funds,False,United Arab Emirates
TXN-100785,CUST-10129,MTR-10129-3,Nominee Director Arrangement,2026-08-08,Deposit,7476.9,Trust receipt - client funds,False,Australia
TXN-100301,CUST-10049,MTR-10049-9,Estate Administration,2026-08-08,Withdrawal,105306.85,Trust disbursement - settlement,False,United Arab Emirates
TXN-101257,CUST-10208,MTR-10208-2,Nominee Shareholder Arrangement,2026-08-09,Withdrawal,4229.93,Trust disbursement - settlement,False,Democratic Republic of Congo
TXN-100077,CUST-10013,MTR-10013-4,Nominee Shareholder Arrangement,2026-08-09,Deposit,9482.74,Trust receipt - client funds,False,Cyprus
TXN-100792,CUST-10130,MTR-10130-6,Debt Financing Transaction,2026-08-09,Deposit,82321.73,Trust receipt - client funds,False,United Kingdom
TXN-102034,CUST-10342,MTR-10342-1,Trust Establishment,2026-08-09,Deposit,6603.68,Trust receipt - client funds,False,Singapore
TXN-100976,CUST-10160,MTR-10160-1,Estate Administration,2026-08-09,Deposit,306953.63,Trust receipt - client funds,False,Australia
TXN-101769,CUST-10297,MTR-10297-4,Nominee Director Arrangement,2026-08-09,Withdrawal,1779.8,Trust disbursement - settlement,False,Singapore
TXN-100594,CUST-10097,MTR-10097-4,Residential Conveyancing,2026-08-09,Withdrawal,22912.28,Trust disbursement - settlement,False,Germany
TXN-101514,CUST-10252,MTR-10252-5,Trust Establishment,2026-08-09,Deposit,6509.3,Trust receipt - client funds,False,Australia
TXN-101116,CUST-10182,MTR-10182-8,Nominee Shareholder Arrangement,2026-08-09,Deposit,5898.66,Trust receipt - client funds,False,Germany
TXN-100559,CUST-10090,MTR-10090-1,Business Sale & Purchase,2026-08-09,Deposit,30149.23,Trust receipt - client funds,False,New Zealand
TXN-102283,CUST-10386,MTR-10386-6,Debt Financing Transaction,2026-08-10,Deposit,197273.2,Trust receipt - client funds,False,United States
TXN-100471,CUST-10079,MTR-10079-8,Commercial Conveyancing,2026-08-10,Deposit,1080099.44,Trust receipt - client funds,False,New Zealand
TXN-100657,CUST-10109,MTR-10109-8,Estate Administration,2026-08-10,Deposit,78868.22,Trust receipt - client funds,False,Canada
TXN-100131,CUST-10022,MTR-10022-4,Commercial Conveyancing,2026-08-10,Deposit,230221.7,Trust receipt - client funds,False,Canada
TXN-101115,CUST-10182,MTR-10182-8,Nominee Shareholder Arrangement,2026-08-10,Withdrawal,742.46,Trust disbursement - settlement,False,Germany
TXN-101169,CUST-10191,MTR-10191-9,Debt Financing Transaction,2026-08-10,Withdrawal,328634.74,Trust disbursement - settlement,False,United States
TXN-101928,CUST-10326,MTR-10326-7,Commercial Conveyancing,2026-08-10,Withdrawal,1106563.29,Trust disbursement - settlement,False,Germany
TXN-100782,CUST-10128,MTR-10128-8,Trust Establishment,2026-08-10,Withdrawal,19549.73,Trust disbursement - settlement,False,Australia
TXN-101195,CUST-10195,MTR-10195-5,Nominee Shareholder Arrangement,2026-08-10,Deposit,1527.84,Trust receipt - client funds,False,Vanuatu
TXN-100842,CUST-10139,MTR-10139-2,Nominee Director Arrangement,2026-08-10,Withdrawal,810.25,Trust disbursement - settlement,False,United Kingdom
TXN-100911,CUST-10149,MTR-10149-2,Residential Conveyancing,2026-08-10,Deposit,292381.41,Trust receipt - client funds,False,United States
TXN-100980,CUST-10160,MTR-10160-1,Estate Administration,2026-08-10,Deposit,39083.31,Trust receipt - client funds,False,Australia
TXN-100382,CUST-10061,MTR-10061-6,Estate Administration,2026-08-10,Withdrawal,5121.73,Trust disbursement - settlement,False,Japan
TXN-101994,CUST-10337,MTR-10337-4,Company Formation,2026-08-10,Withdrawal,1369.87,Trust disbursement - settlement,False,United Kingdom
TXN-101396,CUST-10229,MTR-10229-3,Trust Establishment,2026-08-11,Deposit,11959.43,Trust receipt - client funds,False,Japan
TXN-102213,CUST-10371,MTR-10371-8,Nominee Director Arrangement,2026-08-11,Deposit,7714.56,Trust receipt - client funds,False,Canada
TXN-102198,CUST-10368,MTR-10368-2,Estate Administration,2026-08-11,Deposit,578825.71,Trust receipt - client funds,False,Germany
TXN-100326,CUST-10053,MTR-10053-5,Estate Administration,2026-08-11,Deposit,10048.74,Trust receipt - client funds,False,United States
TXN-102415,CUST-10409,MTR-10409-1,Nominee Director Arrangement,2026-08-11,Withdrawal,3657.11,Trust disbursement - settlement,False,Germany
TXN-101543,CUST-10258,MTR-10258-9,Commercial Conveyancing,2026-08-11,Deposit,1352362.38,Trust receipt - client funds,False,Singapore
TXN-101881,CUST-10316,MTR-10316-1,Company Formation,2026-08-11,Deposit,5209.98,Trust receipt - client funds,False,New Zealand
TXN-100039,CUST-10006,MTR-10006-9,Estate Administration,2026-08-11,Withdrawal,221019.58,Trust disbursement - settlement,False,Canada
TXN-101592,CUST-10268,MTR-10268-1,Debt Financing Transaction,2026-08-11,Deposit,255594.33,Trust receipt - client funds,False,Singapore
TXN-102287,CUST-10386,MTR-10386-6,Debt Financing Transaction,2026-08-11,Deposit,760631.94,Trust receipt - client funds,False,United States
TXN-100291,CUST-10046,MTR-10046-7,Estate Administration,2026-08-11,Withdrawal,123966.12,Trust disbursement - settlement,False,Germany
TXN-100167,CUST-10027,MTR-10027-4,Nominee Shareholder Arrangement,2026-08-12,Withdrawal,6778.29,Trust disbursement - settlement,False,Cyprus
TXN-101342,CUST-10221,MTR-10221-1,Residential Conveyancing,2026-08-12,Deposit,669259.87,Trust receipt - client funds,False,United States
TXN-100135,CUST-10022,MTR-10022-4,Commercial Conveyancing,2026-08-12,Deposit,1663203.67,Trust receipt - client funds,False,Canada
TXN-100560,CUST-10091,MTR-10091-1,Estate Administration,2026-08-12,Withdrawal,5608.73,Trust disbursement - settlement,False,Japan
TXN-100127,CUST-10022,MTR-10022-4,Commercial Conveyancing,2026-08-12,Withdrawal,675350.87,Trust disbursement - settlement,False,Canada
TXN-102428,CUST-10411,MTR-10411-9,Residential Conveyancing,2026-08-12,Withdrawal,27678.74,Trust disbursement - settlement,False,Germany
TXN-100607,CUST-10100,MTR-10100-2,Estate Administration,2026-08-12,Deposit,646224.98,Trust receipt - client funds,False,United States
TXN-102316,CUST-10390,MTR-10390-5,Business Sale & Purchase,2026-08-12,Deposit,776222.43,Trust receipt - client funds,False,Germany
TXN-100989,CUST-10161,MTR-10161-7,Trust Establishment,2026-08-12,Withdrawal,25922.92,Trust disbursement - settlement,False,Iran
TXN-101748,CUST-10293,MTR-10293-3,Residential Conveyancing,2026-08-12,Deposit,128205.27,Trust receipt - client funds,False,Cambodia
TXN-100078,CUST-10013,MTR-10013-4,Nominee Shareholder Arrangement,2026-08-12,Deposit,8289.31,Trust receipt - client funds,False,Cyprus
TXN-101982,CUST-10335,MTR-10335-5,Trust Establishment,2026-08-12,Deposit,5106.98,Trust receipt - client funds,False,Japan
TXN-101479,CUST-10245,MTR-10245-1,Nominee Director Arrangement,2026-08-12,Deposit,2084.96,Trust receipt - client funds,False,Japan
TXN-100166,CUST-10027,MTR-10027-4,Nominee Shareholder Arrangement,2026-08-12,Withdrawal,2536.96,Trust disbursement - settlement,False,Cyprus
TXN-101090,CUST-10177,MTR-10177-5,Debt Financing Transaction,2026-08-13,Withdrawal,195081.05,Trust disbursement - settlement,False,United States
TXN-100228,CUST-10036,MTR-10036-8,Trust Establishment,2026-08-13,Deposit,9851.21,Trust receipt - client funds,False,Singapore
TXN-100968,CUST-10158,MTR-10158-5,Nominee Shareholder Arrangement,2026-08-13,Deposit,5587.93,Trust receipt - client funds,False,Canada
TXN-100775,CUST-10127,MTR-10127-6,Company Formation,2026-08-13,Deposit,3288.54,Trust receipt - client funds,False,Myanmar
TXN-100593,CUST-10097,MTR-10097-4,Residential Conveyancing,2026-08-13,Withdrawal,104370.41,Trust disbursement - settlement,False,Germany
TXN-101451,CUST-10240,MTR-10240-7,Business Sale & Purchase,2026-08-13,Deposit,75766.05,Trust receipt - client funds,False,United Arab Emirates
TXN-101917,CUST-10322,MTR-10322-1,Residential Conveyancing,2026-08-13,Deposit,683293.21,Trust receipt - client funds,False,United Kingdom
TXN-102056,CUST-10347,MTR-10347-3,Commercial Conveyancing,2026-08-13,Withdrawal,2727806.23,Trust disbursement - settlement,False,Australia
TXN-101377,CUST-10226,MTR-10226-3,Trust Establishment,2026-08-13,Deposit,19632.52,Trust receipt - client funds,False,Panama
TXN-101923,CUST-10325,MTR-10325-2,Estate Administration,2026-08-13,Withdrawal,8555.44,Trust disbursement - settlement,False,Cyprus
TXN-100870,CUST-10142,MTR-10142-8,Nominee Director Arrangement,2026-08-13,Deposit,7667.09,Trust receipt - client funds,False,United Arab Emirates
TXN-100536,CUST-10087,MTR-10087-9,Trust Establishment,2026-08-13,Withdrawal,11346.96,Trust disbursement - settlement,False,Germany
TXN-101902,CUST-10320,MTR-10320-5,Residential Conveyancing,2026-08-13,Deposit,20852.62,Trust receipt - client funds,False,Singapore
TXN-101051,CUST-10170,MTR-10170-9,Nominee Director Arrangement,2026-08-14,Deposit,6226.87,Trust receipt - client funds,False,New Zealand
TXN-100289,CUST-10046,MTR-10046-7,Estate Administration,2026-08-14,Withdrawal,34236.2,Trust disbursement - settlement,False,Germany
TXN-101258,CUST-10208,MTR-10208-2,Nominee Shareholder Arrangement,2026-08-14,Deposit,4686.86,Trust receipt - client funds,False,Democratic Republic of Congo
TXN-100803,CUST-10132,MTR-10132-5,Debt Financing Transaction,2026-08-14,Deposit,1883140.2,Trust receipt - client funds,False,New Zealand
TXN-100322,CUST-10052,MTR-10052-5,Nominee Director Arrangement,2026-08-14,Withdrawal,979.18,Trust disbursement - settlement,False,Canada
TXN-101692,CUST-10284,MTR-10284-4,Company Formation,2026-08-14,Deposit,2622.53,Trust receipt - client funds,False,Germany
TXN-100780,CUST-10128,MTR-10128-8,Trust Establishment,2026-08-14,Withdrawal,25501.61,Trust disbursement - settlement,False,Australia
TXN-100923,CUST-10151,MTR-10151-3,Debt Financing Transaction,2026-08-14,Withdrawal,271027.2,Trust disbursement - settlement,False,Singapore
TXN-100740,CUST-10121,MTR-10121-7,Company Formation,2026-08-15,Deposit,1100.48,Trust receipt - client funds,False,Germany
TXN-100079,CUST-10013,MTR-10013-4,Nominee Shareholder Arrangement,2026-08-15,Deposit,8267.95,Trust receipt - client funds,False,Cyprus
TXN-100192,CUST-10030,MTR-10030-7,Nominee Director Arrangement,2026-08-15,Deposit,6976.14,Trust receipt - client funds,False,New Zealand
TXN-100787,CUST-10129,MTR-10129-3,Nominee Director Arrangement,2026-08-15,Withdrawal,4890.3,Trust disbursement - settlement,False,Australia
TXN-100041,CUST-10006,MTR-10006-9,Estate Administration,2026-08-15,Deposit,501044.74,Trust receipt - client funds,False,Canada
TXN-102185,CUST-10366,MTR-10366-2,Trust Establishment,2026-08-15,Withdrawal,8991.1,Trust disbursement - settlement,False,Democratic People's Republic of Korea
TXN-101043,CUST-10169,MTR-10169-7,Estate Administration,2026-08-15,Deposit,514464.36,Trust receipt - client funds,False,United Kingdom
TXN-100130,CUST-10022,MTR-10022-4,Commercial Conveyancing,2026-08-15,Deposit,592160.24,Trust receipt - client funds,False,Canada
TXN-101950,CUST-10329,MTR-10329-2,Residential Conveyancing,2026-08-15,Withdrawal,286060.15,Trust disbursement - settlement,False,Germany
TXN-102452,CUST-10415,MTR-10415-8,Company Formation,2026-08-15,Deposit,694.7,Trust receipt - client funds,False,United States
TXN-100838,CUST-10138,MTR-10138-8,Residential Conveyancing,2026-08-16,Withdrawal,270421.29,Trust disbursement - settlement,False,Canada
TXN-100349,CUST-10056,MTR-10056-6,Debt Financing Transaction,2026-08-16,Deposit,935504.74,Trust receipt - client funds,False,Singapore
TXN-102007,CUST-10338,MTR-10338-7,Nominee Shareholder Arrangement,2026-08-16,Withdrawal,3701.9,Trust disbursement - settlement,False,Japan
TXN-100570,CUST-10092,MTR-10092-3,Commercial Conveyancing,2026-08-16,Deposit,2669503.27,Trust receipt - client funds,False,Germany
TXN-100746,CUST-10122,MTR-10122-5,Estate Administration,2026-08-16,Deposit,215055.93,Trust receipt - client funds,False,Panama
TXN-100597,CUST-10097,MTR-10097-4,Residential Conveyancing,2026-08-16,Deposit,26664.45,Trust receipt - client funds,False,Germany
TXN-100040,CUST-10006,MTR-10006-9,Estate Administration,2026-08-16,Deposit,137036.37,Trust receipt - client funds,False,Canada
TXN-101604,CUST-10269,MTR-10269-1,Residential Conveyancing,2026-08-16,Withdrawal,244026.65,Trust disbursement - settlement,False,Australia
TXN-100367,CUST-10059,MTR-10059-8,Nominee Director Arrangement,2026-08-16,Deposit,6912.14,Trust receipt - client funds,False,United Arab Emirates
TXN-100482,CUST-10080,MTR-10080-3,Company Formation,2026-08-16,Withdrawal,5339.16,Trust disbursement - settlement,False,Japan
TXN-101395,CUST-10229,MTR-10229-3,Trust Establishment,2026-08-16,Withdrawal,24891.87,Trust disbursement - settlement,False,Japan
TXN-100563,CUST-10091,MTR-10091-1,Estate Administration,2026-08-16,Deposit,273179.86,Trust receipt - client funds,False,Japan
TXN-101542,CUST-10258,MTR-10258-9,Commercial Conveyancing,2026-08-16,Deposit,102227.61,Trust receipt - third party (unrelated to matter),True,Singapore
TXN-101477,CUST-10244,MTR-10244-3,Nominee Director Arrangement,2026-08-16,Deposit,3153.33,Trust receipt - client funds,False,United States
TXN-101041,CUST-10169,MTR-10169-7,Estate Administration,2026-08-17,Deposit,160343.57,Trust receipt - client funds,False,United Kingdom
TXN-100096,CUST-10017,MTR-10017-7,Trust Establishment,2026-08-17,Deposit,11560.31,Trust receipt - client funds,False,Australia
TXN-101024,CUST-10166,MTR-10166-2,Trust Establishment,2026-08-17,Withdrawal,7512.13,Trust disbursement - settlement,False,Canada
TXN-101523,CUST-10253,MTR-10253-3,Debt Financing Transaction,2026-08-17,Withdrawal,1122093.68,Trust disbursement - settlement,False,Japan
TXN-101305,CUST-10215,MTR-10215-6,Commercial Conveyancing,2026-08-17,Withdrawal,547645.61,Trust disbursement - settlement,False,Singapore
TXN-101441,CUST-10238,MTR-10238-4,Estate Administration,2026-08-17,Withdrawal,8088.46,Trust disbursement - settlement,False,Panama
TXN-100026,CUST-10004,MTR-10004-2,Nominee Shareholder Arrangement,2026-08-17,Withdrawal,1060.98,Trust disbursement - settlement,False,Canada
TXN-100165,CUST-10027,MTR-10027-4,Nominee Shareholder Arrangement,2026-08-17,Withdrawal,538.14,Trust disbursement - settlement,False,Cyprus
TXN-101689,CUST-10283,MTR-10283-2,Nominee Shareholder Arrangement,2026-08-17,Withdrawal,6421.71,Trust disbursement - settlement,False,Canada
TXN-101890,CUST-10318,MTR-10318-7,Commercial Conveyancing,2026-08-17,Deposit,264658.05,Trust receipt - client funds,False,Australia
TXN-100635,CUST-10104,MTR-10104-8,Business Sale & Purchase,2026-08-17,Deposit,320382.52,Trust receipt - client funds,False,Australia
TXN-101849,CUST-10310,MTR-10310-5,Estate Administration,2026-08-18,Withdrawal,16027.64,Trust disbursement - settlement,False,Japan
TXN-100229,CUST-10036,MTR-10036-8,Trust Establishment,2026-08-18,Withdrawal,2782.15,Trust disbursement - settlement,False,Singapore
TXN-102454,CUST-10415,MTR-10415-8,Company Formation,2026-08-18,Deposit,1303.95,Trust receipt - client funds,False,United States
TXN-102161,CUST-10363,MTR-10363-4,Company Formation,2026-08-18,Deposit,5737.9,Trust receipt - client funds,False,United Kingdom
TXN-101688,CUST-10283,MTR-10283-2,Nominee Shareholder Arrangement,2026-08-18,Withdrawal,1924.55,Trust disbursement - settlement,False,Canada
TXN-101070,CUST-10173,MTR-10173-8,Debt Financing Transaction,2026-08-18,Withdrawal,51433.76,Trust disbursement - settlement,False,United States
TXN-101519,CUST-10253,MTR-10253-3,Debt Financing Transaction,2026-08-18,Withdrawal,721057.92,Trust disbursement - settlement,False,Japan
TXN-101275,CUST-10211,MTR-10211-9,Trust Establishment,2026-08-18,Withdrawal,9934.45,Trust disbursement - settlement,False,United Kingdom
TXN-101087,CUST-10176,MTR-10176-8,Commercial Conveyancing,2026-08-18,Withdrawal,96607.74,Trust disbursement - settlement,False,United States
TXN-101126,CUST-10184,MTR-10184-9,Trust Establishment,2026-08-18,Withdrawal,1154.71,Trust disbursement - settlement,False,Australia
TXN-101762,CUST-10296,MTR-10296-9,Residential Conveyancing,2026-08-18,Withdrawal,214308.36,Trust disbursement - settlement,False,Japan
TXN-101515,CUST-10252,MTR-10252-5,Trust Establishment,2026-08-18,Deposit,4695.68,Trust receipt - client funds,False,Australia
TXN-102352,CUST-10396,MTR-10396-7,Nominee Director Arrangement,2026-08-18,Deposit,6455.73,Trust receipt - client funds,False,United Kingdom
TXN-100128,CUST-10022,MTR-10022-4,Commercial Conveyancing,2026-08-19,Withdrawal,91342.24,Trust disbursement - settlement,False,Canada
TXN-100850,CUST-10140,MTR-10140-5,Debt Financing Transaction,2026-08-19,Deposit,870923.06,Trust receipt - client funds,False,Myanmar
TXN-100864,CUST-10142,MTR-10142-8,Nominee Director Arrangement,2026-08-19,Deposit,5162.23,Trust receipt - client funds,False,United Arab Emirates
TXN-100158,CUST-10025,MTR-10025-5,Business Sale & Purchase,2026-08-19,Withdrawal,445810.31,Trust disbursement - settlement,False,United States
TXN-100180,CUST-10029,MTR-10029-2,Debt Financing Transaction,2026-08-19,Withdrawal,980771.1,Trust disbursement - settlement,False,United Kingdom
TXN-101427,CUST-10235,MTR-10235-4,Business Sale & Purchase,2026-08-19,Deposit,398122.75,Trust receipt - client funds,False,United States
TXN-101911,CUST-10321,MTR-10321-1,Debt Financing Transaction,2026-08-19,Deposit,458846.14,Trust receipt - client funds,False,Canada
TXN-100139,CUST-10022,MTR-10022-4,Commercial Conveyancing,2026-08-19,Withdrawal,1369827.41,Trust disbursement - settlement,False,Canada
TXN-102219,CUST-10372,MTR-10372-5,Company Formation,2026-08-19,Deposit,1574.88,Trust receipt - client funds,False,Japan
TXN-100757,CUST-10125,MTR-10125-8,Nominee Shareholder Arrangement,2026-08-20,Deposit,2377.07,Trust receipt - client funds,False,Yemen
TXN-101637,CUST-10274,MTR-10274-2,Debt Financing Transaction,2026-08-20,Withdrawal,823004.39,Trust disbursement - settlement,False,United Kingdom
TXN-101853,CUST-10311,MTR-10311-2,Debt Financing Transaction,2026-08-20,Deposit,108944.78,Trust receipt - client funds,False,Australia
TXN-100023,CUST-10004,MTR-10004-2,Nominee Shareholder Arrangement,2026-08-20,Withdrawal,566.8,Trust disbursement - settlement,False,Canada
TXN-101783,CUST-10299,MTR-10299-2,Trust Establishment,2026-08-20,Deposit,4500.25,Trust receipt - client funds,False,Japan
TXN-101517,CUST-10252,MTR-10252-5,Trust Establishment,2026-08-20,Withdrawal,18622.85,Trust disbursement - settlement,False,Australia
TXN-100279,CUST-10044,MTR-10044-6,Trust Establishment,2026-08-20,Withdrawal,2794.59,Trust disbursement - settlement,False,Japan
TXN-101864,CUST-10313,MTR-10313-7,Estate Administration,2026-08-20,Deposit,186751.51,Trust receipt - client funds,False,United Kingdom
TXN-101501,CUST-10249,MTR-10249-1,Residential Conveyancing,2026-08-20,Deposit,122028.72,Trust receipt - client funds,False,Cyprus
TXN-100445,CUST-10074,MTR-10074-3,Nominee Director Arrangement,2026-08-20,Deposit,2642.8,Trust receipt - client funds,False,Germany
TXN-100170,CUST-10028,MTR-10028-8,Nominee Shareholder Arrangement,2026-08-21,Withdrawal,525.91,Trust disbursement - settlement,False,United States
TXN-101039,CUST-10168,MTR-10168-8,Commercial Conveyancing,2026-08-21,Deposit,243072.04,Trust receipt - client funds,False,Canada
TXN-100340,CUST-10054,MTR-10054-1,Business Sale & Purchase,2026-08-21,Deposit,48859.05,Trust receipt - client funds,False,Singapore
TXN-101727,CUST-10290,MTR-10290-7,Nominee Shareholder Arrangement,2026-08-21,Deposit,1706.68,Trust receipt - client funds,False,Japan
TXN-100410,CUST-10068,MTR-10068-4,Estate Administration,2026-08-21,Deposit,163783.91,Trust receipt - client funds,False,Singapore
TXN-100186,CUST-10030,MTR-10030-7,Nominee Director Arrangement,2026-08-21,Deposit,1471.01,Trust receipt - client funds,False,New Zealand
TXN-100970,CUST-10158,MTR-10158-5,Nominee Shareholder Arrangement,2026-08-21,Withdrawal,1747.09,Trust disbursement - settlement,False,Canada
TXN-100747,CUST-10122,MTR-10122-5,Estate Administration,2026-08-21,Withdrawal,100783.66,Trust disbursement - settlement,False,Panama
TXN-100948,CUST-10155,MTR-10155-1,Nominee Shareholder Arrangement,2026-08-21,Deposit,2702.15,Trust receipt - client funds,False,Singapore
TXN-100878,CUST-10143,MTR-10143-3,Company Formation,2026-08-21,Deposit,9749.31,Trust receipt - client funds,False,Canada
TXN-100926,CUST-10151,MTR-10151-3,Debt Financing Transaction,2026-08-22,Withdrawal,67312.93,Trust disbursement - settlement,False,Singapore
TXN-101100,CUST-10180,MTR-10180-4,Estate Administration,2026-08-22,Withdrawal,44747.86,Trust disbursement - settlement,False,United Kingdom
TXN-102381,CUST-10402,MTR-10402-4,Commercial Conveyancing,2026-08-22,Deposit,200999.58,Trust receipt - client funds,False,Cambodia
TXN-100678,CUST-10112,MTR-10112-9,Company Formation,2026-08-22,Deposit,4701.36,Trust receipt - client funds,False,Canada
TXN-100988,CUST-10161,MTR-10161-7,Trust Establishment,2026-08-22,Deposit,1360.55,Trust receipt - client funds,False,Iran
TXN-101414,CUST-10232,MTR-10232-1,Company Formation,2026-08-22,Withdrawal,629.04,Trust disbursement - settlement,False,Cambodia
TXN-100920,CUST-10150,MTR-10150-6,Residential Conveyancing,2026-08-22,Deposit,16538.93,Trust receipt - client funds,False,Japan
TXN-101072,CUST-10173,MTR-10173-8,Debt Financing Transaction,2026-08-23,Withdrawal,57253.21,Trust disbursement - settlement,False,United States
TXN-101798,CUST-10301,MTR-10301-3,Trust Establishment,2026-08-23,Deposit,1955.33,Trust receipt - client funds,False,Japan
TXN-101538,CUST-10256,MTR-10256-8,Residential Conveyancing,2026-08-23,Deposit,277515.57,Trust receipt - client funds,False,Japan
TXN-101898,CUST-10319,MTR-10319-6,Business Sale & Purchase,2026-08-23,Withdrawal,298878.22,Trust disbursement - settlement,False,United States
TXN-102427,CUST-10411,MTR-10411-9,Residential Conveyancing,2026-08-23,Deposit,532886.92,Trust receipt - client funds,False,Germany
TXN-100596,CUST-10097,MTR-10097-4,Residential Conveyancing,2026-08-23,Deposit,805441.65,Trust receipt - client funds,False,Germany
TXN-101094,CUST-10178,MTR-10178-3,Nominee Director Arrangement,2026-08-23,Withdrawal,3191.62,Trust disbursement - settlement,False,Australia
TXN-100223,CUST-10035,MTR-10035-5,Estate Administration,2026-08-23,Withdrawal,767381.57,Trust disbursement - settlement,False,Canada
TXN-101004,CUST-10163,MTR-10163-4,Business Sale & Purchase,2026-08-23,Withdrawal,66753.26,Trust disbursement - settlement,False,United States
TXN-101578,CUST-10264,MTR-10264-5,Commercial Conveyancing,2026-08-23,Withdrawal,200455.01,Trust disbursement - settlement,False,New Zealand
TXN-101706,CUST-10287,MTR-10287-4,Nominee Shareholder Arrangement,2026-08-23,Deposit,2700.6,Trust receipt - client funds,False,Yemen
TXN-102171,CUST-10364,MTR-10364-1,Trust Establishment,2026-08-23,Withdrawal,14524.09,Trust disbursement - settlement,False,Cambodia
TXN-102097,CUST-10354,MTR-10354-6,Debt Financing Transaction,2026-08-23,Deposit,224695.31,Trust receipt - client funds,False,United Kingdom
TXN-100633,CUST-10104,MTR-10104-8,Business Sale & Purchase,2026-08-24,Withdrawal,1047755.7,Trust disbursement - settlement,False,Australia
TXN-100029,CUST-10004,MTR-10004-2,Nominee Shareholder Arrangement,2026-08-24,Deposit,1089.55,Trust receipt - client funds,False,Canada
TXN-101193,CUST-10195,MTR-10195-5,Nominee Shareholder Arrangement,2026-08-24,Deposit,574.71,Trust receipt - client funds,False,Vanuatu
TXN-102412,CUST-10409,MTR-10409-1,Nominee Director Arrangement,2026-08-24,Withdrawal,1163.09,Trust disbursement - settlement,False,Germany
TXN-101473,CUST-10243,MTR-10243-7,Business Sale & Purchase,2026-08-24,Withdrawal,38489.75,Trust disbursement - settlement,False,Australia
TXN-102338,CUST-10394,MTR-10394-2,Business Sale & Purchase,2026-08-24,Deposit,252091.42,Trust receipt - client funds,False,Vanuatu
TXN-101716,CUST-10289,MTR-10289-6,Company Formation,2026-08-24,Deposit,4847.21,Trust receipt - client funds,False,Japan
TXN-101260,CUST-10208,MTR-10208-2,Nominee Shareholder Arrangement,2026-08-24,Withdrawal,1044.15,Trust disbursement - settlement,False,Democratic Republic of Congo
TXN-101995,CUST-10337,MTR-10337-4,Company Formation,2026-08-24,Deposit,814.5,Trust receipt - client funds,False,United Kingdom
TXN-100564,CUST-10091,MTR-10091-1,Estate Administration,2026-08-24,Deposit,173774.99,Trust receipt - client funds,False,Japan
TXN-101648,CUST-10276,MTR-10276-2,Estate Administration,2026-08-24,Deposit,324914.49,Trust receipt - client funds,False,United States
TXN-101842,CUST-10309,MTR-10309-2,Nominee Director Arrangement,2026-08-24,Deposit,1169.37,Trust receipt - client funds,False,United Kingdom
TXN-101217,CUST-10200,MTR-10200-5,Nominee Shareholder Arrangement,2026-08-24,Deposit,991.23,Trust receipt - client funds,False,Australia
TXN-102274,CUST-10384,MTR-10384-1,Nominee Shareholder Arrangement,2026-08-24,Withdrawal,751.92,Trust disbursement - settlement,False,Canada
TXN-101298,CUST-10215,MTR-10215-6,Commercial Conveyancing,2026-08-25,Withdrawal,794550.0,Trust disbursement - settlement,False,Singapore
TXN-101472,CUST-10243,MTR-10243-7,Business Sale & Purchase,2026-08-25,Withdrawal,1112968.65,Trust disbursement - settlement,False,Australia
TXN-101493,CUST-10247,MTR-10247-4,Nominee Shareholder Arrangement,2026-08-25,Deposit,692.65,Trust receipt - client funds,False,United Kingdom
TXN-102132,CUST-10359,MTR-10359-7,Trust Establishment,2026-08-25,Withdrawal,11915.65,Trust disbursement - settlement,False,Democratic Republic of Congo
TXN-100038,CUST-10006,MTR-10006-9,Estate Administration,2026-08-25,Deposit,27061.2,Trust receipt - client funds,False,Canada
TXN-101778,CUST-10298,MTR-10298-7,Nominee Shareholder Arrangement,2026-08-25,Withdrawal,923.35,Trust disbursement - settlement,False,Germany
TXN-100346,CUST-10055,MTR-10055-8,Nominee Director Arrangement,2026-08-25,Deposit,951.88,Trust receipt - client funds,False,United States
TXN-100037,CUST-10006,MTR-10006-9,Estate Administration,2026-08-25,Withdrawal,25137.37,Trust disbursement - settlement,False,Canada
TXN-100199,CUST-10031,MTR-10031-7,Commercial Conveyancing,2026-08-25,Deposit,2114683.33,Trust receipt - client funds,False,Democratic People's Republic of Korea
TXN-100769,CUST-10126,MTR-10126-1,Residential Conveyancing,2026-08-25,Deposit,185969.32,Trust receipt - client funds,False,Cyprus
TXN-101751,CUST-10294,MTR-10294-3,Nominee Director Arrangement,2026-08-25,Withdrawal,6103.56,Trust disbursement - settlement,False,United States
TXN-101301,CUST-10215,MTR-10215-6,Commercial Conveyancing,2026-08-25,Deposit,1488932.17,Trust receipt - client funds,False,Singapore
TXN-102445,CUST-10413,MTR-10413-2,Commercial Conveyancing,2026-08-25,Deposit,2884326.78,Trust receipt - client funds,False,Australia
TXN-102459,CUST-10415,MTR-10415-8,Company Formation,2026-08-25,Withdrawal,789.85,Trust disbursement - settlement,False,United States
TXN-102458,CUST-10415,MTR-10415-8,Company Formation,2026-08-25,Deposit,6965.93,Trust receipt - client funds,False,United States
TXN-100955,CUST-10156,MTR-10156-2,Debt Financing Transaction,2026-08-25,Withdrawal,67592.56,Trust disbursement - settlement,False,New Zealand
TXN-101755,CUST-10295,MTR-10295-6,Nominee Director Arrangement,2026-08-25,Withdrawal,4607.3,Trust disbursement - settlement,False,United States
TXN-101403,CUST-10230,MTR-10230-8,Debt Financing Transaction,2026-08-25,Withdrawal,183836.06,Trust disbursement - settlement,False,New Zealand
TXN-101563,CUST-10261,MTR-10261-7,Residential Conveyancing,2026-08-25,Deposit,664639.28,Trust receipt - client funds,False,New Zealand
TXN-101854,CUST-10311,MTR-10311-2,Debt Financing Transaction,2026-08-25,Withdrawal,802545.05,Trust disbursement - settlement,False,Australia
TXN-101475,CUST-10244,MTR-10244-3,Nominee Director Arrangement,2026-08-25,Deposit,607.93,Trust receipt - client funds,False,United States
TXN-102404,CUST-10407,MTR-10407-2,Nominee Shareholder Arrangement,2026-08-25,Withdrawal,5819.74,Trust disbursement - settlement,False,Australia
TXN-100786,CUST-10129,MTR-10129-3,Nominee Director Arrangement,2026-08-26,Withdrawal,2956.5,Trust disbursement - settlement,False,Australia
TXN-102296,CUST-10388,MTR-10388-2,Trust Establishment,2026-08-26,Deposit,15421.67,Trust receipt - client funds,False,United States
TXN-100865,CUST-10142,MTR-10142-8,Nominee Director Arrangement,2026-08-26,Deposit,3768.43,Trust receipt - client funds,False,United Arab Emirates
TXN-101200,CUST-10196,MTR-10196-4,Commercial Conveyancing,2026-08-26,Deposit,741177.34,Trust receipt - client funds,False,Japan
TXN-102257,CUST-10380,MTR-10380-7,Company Formation,2026-08-26,Deposit,11335.65,Trust receipt - client funds,False,Canada
TXN-100866,CUST-10142,MTR-10142-8,Nominee Director Arrangement,2026-08-26,Deposit,4304.33,Trust receipt - client funds,False,United Arab Emirates
TXN-101649,CUST-10276,MTR-10276-2,Estate Administration,2026-08-26,Withdrawal,10192.42,Trust disbursement - settlement,False,United States
TXN-101343,CUST-10221,MTR-10221-1,Residential Conveyancing,2026-08-26,Deposit,116115.15,Trust receipt - client funds,False,United States
TXN-100462,CUST-10077,MTR-10077-5,Commercial Conveyancing,2026-08-26,Deposit,1526870.43,Trust receipt - client funds,False,Japan
TXN-101104,CUST-10181,MTR-10181-5,Commercial Conveyancing,2026-08-26,Withdrawal,1178337.39,Trust disbursement - settlement,False,Vanuatu
TXN-102392,CUST-10405,MTR-10405-7,Nominee Director Arrangement,2026-08-26,Deposit,1151.78,Trust receipt - client funds,False,Germany
TXN-100561,CUST-10091,MTR-10091-1,Estate Administration,2026-08-26,Deposit,26841.03,Trust receipt - client funds,False,Japan
TXN-101428,CUST-10235,MTR-10235-4,Business Sale & Purchase,2026-08-26,Withdrawal,451268.27,Trust disbursement - settlement,False,United States
TXN-102417,CUST-10409,MTR-10409-1,Nominee Director Arrangement,2026-08-26,Deposit,1422.87,Trust receipt - client funds,False,Germany
TXN-100125,CUST-10021,MTR-10021-1,Nominee Shareholder Arrangement,2026-08-27,Withdrawal,1354.69,Trust disbursement - settlement,False,United Arab Emirates
TXN-100308,CUST-10050,MTR-10050-1,Commercial Conveyancing,2026-08-27,Deposit,198211.58,Trust receipt - client funds,False,Panama
TXN-102101,CUST-10354,MTR-10354-6,Debt Financing Transaction,2026-08-27,Withdrawal,54340.01,Trust disbursement - settlement,False,United Kingdom
TXN-102075,CUST-10350,MTR-10350-7,Residential Conveyancing,2026-08-27,Withdrawal,25892.35,Trust disbursement - settlement,False,United Kingdom
TXN-100499,CUST-10082,MTR-10082-7,Estate Administration,2026-08-27,Deposit,6221.59,Trust receipt - client funds,False,Singapore
TXN-102410,CUST-10409,MTR-10409-1,Nominee Director Arrangement,2026-08-27,Deposit,1462.96,Trust receipt - client funds,False,Germany
TXN-102264,CUST-10381,MTR-10381-3,Debt Financing Transaction,2026-08-27,Withdrawal,204717.4,Trust disbursement - settlement,False,United States
TXN-100290,CUST-10046,MTR-10046-7,Estate Administration,2026-08-28,Deposit,61901.53,Trust receipt - client funds,False,Germany
TXN-102416,CUST-10409,MTR-10409-1,Nominee Director Arrangement,2026-08-28,Deposit,7497.82,Trust receipt - client funds,False,Germany
TXN-100168,CUST-10027,MTR-10027-4,Nominee Shareholder Arrangement,2026-08-28,Deposit,2465.53,Trust receipt - client funds,False,Cyprus
TXN-102437,CUST-10413,MTR-10413-2,Commercial Conveyancing,2026-08-28,Withdrawal,103095.06,Trust disbursement - settlement,False,Australia
TXN-100134,CUST-10022,MTR-10022-4,Commercial Conveyancing,2026-08-28,Deposit,91817.2,Trust receipt - client funds,False,Canada
TXN-101645,CUST-10276,MTR-10276-2,Estate Administration,2026-08-28,Deposit,61906.35,Trust receipt - client funds,False,United States
TXN-102222,CUST-10373,MTR-10373-4,Nominee Shareholder Arrangement,2026-08-28,Deposit,840.02,Trust receipt - client funds,False,New Zealand
TXN-101482,CUST-10245,MTR-10245-1,Nominee Director Arrangement,2026-08-28,Withdrawal,1333.44,Trust disbursement - settlement,False,Japan
TXN-101590,CUST-10268,MTR-10268-1,Debt Financing Transaction,2026-08-28,Withdrawal,1932401.86,Trust disbursement - settlement,False,Singapore
TXN-100852,CUST-10140,MTR-10140-5,Debt Financing Transaction,2026-08-28,Deposit,353627.34,Trust receipt - client funds,False,Myanmar
TXN-101103,CUST-10181,MTR-10181-5,Commercial Conveyancing,2026-08-28,Deposit,283703.49,Trust receipt - client funds,False,Vanuatu
TXN-101313,CUST-10216,MTR-10216-1,Estate Administration,2026-08-29,Withdrawal,31927.76,Trust disbursement - settlement,False,Japan
TXN-100619,CUST-10102,MTR-10102-1,Estate Administration,2026-08-29,Deposit,16375.62,Trust receipt - client funds,False,New Zealand
TXN-101107,CUST-10182,MTR-10182-8,Nominee Shareholder Arrangement,2026-08-29,Withdrawal,2511.93,Trust disbursement - settlement,False,Germany
TXN-100608,CUST-10100,MTR-10100-2,Estate Administration,2026-08-29,Withdrawal,6549.07,Trust disbursement - settlement,False,United States
TXN-101049,CUST-10170,MTR-10170-9,Nominee Director Arrangement,2026-08-29,Deposit,687.64,Trust receipt - client funds,False,New Zealand
TXN-101160,CUST-10190,MTR-10190-8,Trust Establishment,2026-08-29,Deposit,6148.02,Trust receipt - client funds,False,Singapore
TXN-100773,CUST-10127,MTR-10127-6,Company Formation,2026-08-29,Deposit,673.64,Trust receipt - client funds,False,Myanmar
TXN-102476,CUST-10418,MTR-10418-9,Company Formation,2026-08-29,Deposit,13387.33,Trust receipt - client funds,False,Australia
TXN-101358,CUST-10223,MTR-10223-5,Nominee Director Arrangement,2026-08-29,Deposit,3911.13,Trust receipt - client funds,False,Japan
TXN-101273,CUST-10211,MTR-10211-9,Trust Establishment,2026-08-29,Deposit,2059.38,Trust receipt - client funds,False,United Kingdom
TXN-101835,CUST-10306,MTR-10306-2,Trust Establishment,2026-08-29,Deposit,1824.59,Trust receipt - client funds,False,Singapore
TXN-101044,CUST-10169,MTR-10169-7,Estate Administration,2026-08-30,Withdrawal,13090.01,Trust disbursement - settlement,False,United Kingdom
TXN-102164,CUST-10363,MTR-10363-4,Company Formation,2026-08-30,Withdrawal,1842.02,Trust disbursement - settlement,False,United Kingdom
TXN-101265,CUST-10209,MTR-10209-5,Estate Administration,2026-08-30,Deposit,406745.73,Trust receipt - client funds,False,United Kingdom
TXN-101812,CUST-10303,MTR-10303-4,Estate Administration,2026-08-30,Deposit,401718.47,Trust receipt - client funds,False,United States
TXN-101297,CUST-10215,MTR-10215-6,Commercial Conveyancing,2026-08-30,Deposit,104754.1,Trust receipt - client funds,False,Singapore
TXN-101876,CUST-10315,MTR-10315-8,Nominee Director Arrangement,2026-08-30,Withdrawal,3111.68,Trust disbursement - settlement,False,Australia
TXN-100876,CUST-10143,MTR-10143-3,Company Formation,2026-08-30,Withdrawal,3416.46,Trust disbursement - settlement,False,Canada
TXN-100855,CUST-10141,MTR-10141-8,Business Sale & Purchase,2026-08-30,Deposit,1117411.39,Trust receipt - client funds,False,Japan
TXN-101145,CUST-10187,MTR-10187-2,Nominee Shareholder Arrangement,2026-08-30,Withdrawal,2838.12,Trust disbursement - settlement,False,Japan
TXN-101272,CUST-10210,MTR-10210-2,Residential Conveyancing,2026-08-30,Withdrawal,18945.74,Trust disbursement - settlement,False,United States
TXN-101331,CUST-10219,MTR-10219-9,Debt Financing Transaction,2026-08-31,Withdrawal,95430.19,Trust disbursement - settlement,False,United Arab Emirates
TXN-100768,CUST-10126,MTR-10126-1,Residential Conveyancing,2026-08-31,Deposit,122885.68,Trust receipt - client funds,False,Cyprus
TXN-100810,CUST-10134,MTR-10134-5,Nominee Shareholder Arrangement,2026-08-31,Withdrawal,1576.27,Trust disbursement - settlement,False,Canada
TXN-102319,CUST-10391,MTR-10391-5,Nominee Shareholder Arrangement,2026-08-31,Withdrawal,1240.89,Trust disbursement - settlement,False,Cambodia
TXN-101489,CUST-10246,MTR-10246-3,Business Sale & Purchase,2026-08-31,Withdrawal,399616.22,Trust disbursement - settlement,False,Australia
TXN-100162,CUST-10026,MTR-10026-1,Business Sale & Purchase,2026-08-31,Deposit,336691.83,Trust receipt - client funds,False,Panama
TXN-100858,CUST-10141,MTR-10141-8,Business Sale & Purchase,2026-08-31,Withdrawal,146635.14,Trust disbursement - settlement,False,Japan
TXN-101888,CUST-10318,MTR-10318-7,Commercial Conveyancing,2026-08-31,Withdrawal,960771.97,Trust disbursement - settlement,False,Australia
TXN-100575,CUST-10093,MTR-10093-9,Commercial Conveyancing,2026-08-31,Withdrawal,885318.08,Trust disbursement - settlement,False,New Zealand
TXN-101595,CUST-10268,MTR-10268-1,Debt Financing Transaction,2026-08-31,Deposit,116316.74,Trust receipt - client funds,False,Singapore
TXN-101696,CUST-10284,MTR-10284-4,Company Formation,2026-08-31,Withdrawal,6847.61,Trust disbursement - settlement,False,Germany
TXN-101364,CUST-10224,MTR-10224-2,Company Formation,2026-09-01,Withdrawal,3727.47,Trust disbursement - settlement,False,Singapore
TXN-101443,CUST-10238,MTR-10238-4,Estate Administration,2026-09-01,Deposit,577466.06,Trust receipt - client funds,False,Panama
TXN-100579,CUST-10093,MTR-10093-9,Commercial Conveyancing,2026-09-01,Deposit,2845731.63,Trust receipt - client funds,False,New Zealand
TXN-100874,CUST-10143,MTR-10143-3,Company Formation,2026-09-01,Deposit,2817.61,Trust receipt - client funds,False,Canada
TXN-100767,CUST-10126,MTR-10126-1,Residential Conveyancing,2026-09-01,Withdrawal,449212.19,Trust disbursement - settlement,False,Cyprus
TXN-101647,CUST-10276,MTR-10276-2,Estate Administration,2026-09-01,Deposit,93241.53,Trust receipt - client funds,False,United States
TXN-102397,CUST-10405,MTR-10405-7,Nominee Director Arrangement,2026-09-01,Withdrawal,2763.48,Trust disbursement - settlement,False,Germany
TXN-101191,CUST-10195,MTR-10195-5,Nominee Shareholder Arrangement,2026-09-01,Deposit,4525.45,Trust receipt - client funds,False,Vanuatu
TXN-100877,CUST-10143,MTR-10143-3,Company Formation,2026-09-01,Withdrawal,5206.4,Trust disbursement - settlement,False,Canada
TXN-101856,CUST-10311,MTR-10311-2,Debt Financing Transaction,2026-09-01,Withdrawal,307638.89,Trust disbursement - settlement,False,Australia
TXN-102450,CUST-10414,MTR-10414-2,Commercial Conveyancing,2026-09-02,Withdrawal,147682.26,Trust disbursement - settlement,False,Australia
TXN-100161,CUST-10026,MTR-10026-1,Business Sale & Purchase,2026-09-02,Deposit,311182.12,Trust receipt - client funds,False,Panama
TXN-101449,CUST-10240,MTR-10240-7,Business Sale & Purchase,2026-09-02,Withdrawal,69117.91,Trust disbursement - settlement,False,United Arab Emirates
TXN-101535,CUST-10255,MTR-10255-5,Trust Establishment,2026-09-02,Withdrawal,7864.05,Trust disbursement - settlement,False,Democratic People's Republic of Korea
TXN-101454,CUST-10241,MTR-10241-6,Company Formation,2026-09-02,Withdrawal,8660.12,Trust disbursement - settlement,False,United Kingdom
TXN-100969,CUST-10158,MTR-10158-5,Nominee Shareholder Arrangement,2026-09-02,Deposit,969.41,Trust receipt - client funds,False,Canada
TXN-102184,CUST-10366,MTR-10366-2,Trust Establishment,2026-09-02,Deposit,11545.16,Trust receipt - third party (unrelated to matter),True,Democratic People's Republic of Korea
TXN-101185,CUST-10194,MTR-10194-5,Debt Financing Transaction,2026-09-02,Withdrawal,224842.49,Trust disbursement - settlement,False,United States
TXN-100754,CUST-10125,MTR-10125-8,Nominee Shareholder Arrangement,2026-09-02,Withdrawal,3791.06,Trust disbursement - settlement,False,Yemen
TXN-101092,CUST-10178,MTR-10178-3,Nominee Director Arrangement,2026-09-02,Withdrawal,1337.08,Trust disbursement - settlement,False,Australia
TXN-101196,CUST-10196,MTR-10196-4,Commercial Conveyancing,2026-09-02,Deposit,463842.59,Trust receipt - client funds,False,Japan
TXN-100381,CUST-10061,MTR-10061-6,Estate Administration,2026-09-02,Withdrawal,323313.11,Trust disbursement - settlement,False,Japan
TXN-102413,CUST-10409,MTR-10409-1,Nominee Director Arrangement,2026-09-03,Withdrawal,7630.55,Trust disbursement - settlement,False,Germany
TXN-101846,CUST-10310,MTR-10310-5,Estate Administration,2026-09-03,Deposit,45707.72,Trust receipt - client funds,False,Japan
TXN-101596,CUST-10268,MTR-10268-1,Debt Financing Transaction,2026-09-03,Deposit,452025.06,Trust receipt - client funds,False,Singapore
TXN-100159,CUST-10026,MTR-10026-1,Business Sale & Purchase,2026-09-03,Withdrawal,147704.55,Trust disbursement - settlement,False,Panama
TXN-102456,CUST-10415,MTR-10415-8,Company Formation,2026-09-03,Withdrawal,571.63,Trust disbursement - settlement,False,United States
TXN-101924,CUST-10325,MTR-10325-2,Estate Administration,2026-09-03,Deposit,40332.11,Trust receipt - client funds,False,Cyprus
TXN-102214,CUST-10371,MTR-10371-8,Nominee Director Arrangement,2026-09-03,Withdrawal,4051.0,Trust disbursement - settlement,False,Canada
TXN-100205,CUST-10032,MTR-10032-3,Company Formation,2026-09-03,Withdrawal,5523.0,Trust disbursement - settlement,False,Australia
TXN-101190,CUST-10195,MTR-10195-5,Nominee Shareholder Arrangement,2026-09-04,Withdrawal,2003.46,Trust disbursement - settlement,False,Vanuatu
TXN-101455,CUST-10241,MTR-10241-6,Company Formation,2026-09-04,Withdrawal,7730.12,Trust disbursement - settlement,False,United Kingdom
TXN-102197,CUST-10367,MTR-10367-5,Debt Financing Transaction,2026-09-04,Deposit,234285.14,Trust receipt - client funds,False,Canada
TXN-100851,CUST-10140,MTR-10140-5,Debt Financing Transaction,2026-09-04,Withdrawal,537703.98,Trust disbursement - settlement,False,Myanmar
TXN-100133,CUST-10022,MTR-10022-4,Commercial Conveyancing,2026-09-04,Deposit,89526.83,Trust receipt - client funds,False,Canada
TXN-101967,CUST-10333,MTR-10333-3,Nominee Shareholder Arrangement,2026-09-05,Withdrawal,585.41,Trust disbursement - settlement,False,Cambodia
TXN-100719,CUST-10118,MTR-10118-8,Residential Conveyancing,2026-09-05,Withdrawal,31204.13,Trust disbursement - settlement,False,Canada
TXN-101628,CUST-10272,MTR-10272-5,Residential Conveyancing,2026-09-05,Deposit,98040.45,Trust receipt - client funds,False,Germany
TXN-102069,CUST-10350,MTR-10350-7,Residential Conveyancing,2026-09-05,Deposit,26395.81,Trust receipt - client funds,False,United Kingdom
TXN-101847,CUST-10310,MTR-10310-5,Estate Administration,2026-09-06,Deposit,376857.02,Trust receipt - client funds,False,Japan
TXN-101879,CUST-10316,MTR-10316-1,Company Formation,2026-09-06,Withdrawal,992.32,Trust disbursement - settlement,False,New Zealand
TXN-102003,CUST-10338,MTR-10338-7,Nominee Shareholder Arrangement,2026-09-06,Deposit,705.83,Trust receipt - client funds,False,Japan
TXN-101981,CUST-10335,MTR-10335-5,Trust Establishment,2026-09-06,Withdrawal,11398.91,Trust disbursement - settlement,False,Japan
TXN-100069,CUST-10011,MTR-10011-5,Commercial Conveyancing,2026-09-06,Withdrawal,2281321.14,Trust disbursement - settlement,False,United States
TXN-102395,CUST-10405,MTR-10405-7,Nominee Director Arrangement,2026-09-06,Deposit,1861.71,Trust receipt - client funds,False,Germany
TXN-101863,CUST-10313,MTR-10313-7,Estate Administration,2026-09-06,Withdrawal,38267.94,Trust disbursement - settlement,False,United Kingdom
TXN-100832,CUST-10137,MTR-10137-8,Estate Administration,2026-09-07,Deposit,153459.15,Trust receipt - client funds,False,Panama
TXN-102439,CUST-10413,MTR-10413-2,Commercial Conveyancing,2026-09-07,Withdrawal,372745.31,Trust disbursement - settlement,False,Australia
TXN-101093,CUST-10178,MTR-10178-3,Nominee Director Arrangement,2026-09-07,Deposit,6806.45,Trust receipt - client funds,False,Australia
TXN-101442,CUST-10238,MTR-10238-4,Estate Administration,2026-09-07,Deposit,243657.99,Trust receipt - client funds,False,Panama
TXN-100800,CUST-10131,MTR-10131-2,Estate Administration,2026-09-07,Deposit,6875.91,Trust receipt - client funds,False,Australia
TXN-102125,CUST-10358,MTR-10358-9,Nominee Director Arrangement,2026-09-07,Withdrawal,3248.05,Trust disbursement - settlement,False,New Zealand
TXN-101025,CUST-10166,MTR-10166-2,Trust Establishment,2026-09-07,Deposit,4068.41,Trust receipt - client funds,False,Canada
TXN-100025,CUST-10004,MTR-10004-2,Nominee Shareholder Arrangement,2026-09-07,Withdrawal,1468.87,Trust disbursement - settlement,False,Canada
TXN-101028,CUST-10166,MTR-10166-2,Trust Establishment,2026-09-07,Deposit,4752.78,Trust receipt - client funds,False,Canada
TXN-101990,CUST-10336,MTR-10336-1,Debt Financing Transaction,2026-09-07,Withdrawal,108026.35,Trust disbursement - settlement,False,Canada
TXN-101468,CUST-10243,MTR-10243-7,Business Sale & Purchase,2026-09-07,Deposit,85752.24,Trust receipt - client funds,False,Australia
TXN-102304,CUST-10389,MTR-10389-2,Nominee Director Arrangement,2026-09-08,Deposit,3984.6,Trust receipt - client funds,False,New Zealand
TXN-102328,CUST-10392,MTR-10392-2,Commercial Conveyancing,2026-09-08,Deposit,576433.52,Trust receipt - client funds,False,Australia
TXN-101655,CUST-10277,MTR-10277-8,Trust Establishment,2026-09-08,Deposit,5425.44,Trust receipt - client funds,False,Australia
TXN-100598,CUST-10097,MTR-10097-4,Residential Conveyancing,2026-09-08,Deposit,112410.18,Trust receipt - client funds,False,Germany
TXN-100098,CUST-10017,MTR-10017-7,Trust Establishment,2026-09-08,Withdrawal,1809.77,Trust disbursement - settlement,False,Australia
TXN-101174,CUST-10191,MTR-10191-9,Debt Financing Transaction,2026-09-08,Deposit,632036.23,Trust receipt - client funds,False,United States
TXN-102414,CUST-10409,MTR-10409-1,Nominee Director Arrangement,2026-09-08,Deposit,2971.33,Trust receipt - client funds,False,Germany
TXN-102394,CUST-10405,MTR-10405-7,Nominee Director Arrangement,2026-09-09,Deposit,4072.19,Trust receipt - client funds,False,Germany
TXN-101904,CUST-10320,MTR-10320-5,Residential Conveyancing,2026-09-09,Deposit,16785.16,Trust receipt - client funds,False,Singapore
TXN-100967,CUST-10158,MTR-10158-5,Nominee Shareholder Arrangement,2026-09-09,Deposit,5729.18,Trust receipt - client funds,False,Canada
TXN-101836,CUST-10307,MTR-10307-8,Commercial Conveyancing,2026-09-09,Deposit,187900.17,Trust receipt - client funds,False,New Zealand
TXN-101382,CUST-10227,MTR-10227-4,Residential Conveyancing,2026-09-09,Deposit,70793.21,Trust receipt - client funds,False,Germany
TXN-101717,CUST-10289,MTR-10289-6,Company Formation,2026-09-09,Withdrawal,11951.63,Trust disbursement - settlement,False,Japan
TXN-100160,CUST-10026,MTR-10026-1,Business Sale & Purchase,2026-09-09,Withdrawal,127803.19,Trust disbursement - settlement,False,Panama
TXN-102471,CUST-10417,MTR-10417-4,Company Formation,2026-09-09,Withdrawal,14938.54,Trust disbursement - settlement,False,Cyprus
TXN-101207,CUST-10197,MTR-10197-2,Nominee Shareholder Arrangement,2026-09-09,Withdrawal,4645.5,Trust disbursement - settlement,False,Germany
TXN-101593,CUST-10268,MTR-10268-1,Debt Financing Transaction,2026-09-09,Withdrawal,679614.19,Trust disbursement - settlement,False,Singapore
TXN-101302,CUST-10215,MTR-10215-6,Commercial Conveyancing,2026-09-09,Deposit,2278233.96,Trust receipt - client funds,False,Singapore
TXN-101166,CUST-10190,MTR-10190-8,Trust Establishment,2026-09-09,Withdrawal,16781.06,Trust disbursement - settlement,False,Singapore
TXN-102237,CUST-10376,MTR-10376-3,Business Sale & Purchase,2026-09-09,Deposit,583613.45,Trust receipt - client funds,False,United Kingdom
TXN-102455,CUST-10415,MTR-10415-8,Company Formation,2026-09-09,Deposit,935.85,Trust receipt - client funds,False,United States
TXN-101465,CUST-10243,MTR-10243-7,Business Sale & Purchase,2026-09-09,Deposit,82763.99,Trust receipt - client funds,False,Australia
TXN-101243,CUST-10205,MTR-10205-9,Estate Administration,2026-09-09,Withdrawal,14068.72,Trust disbursement - settlement,False,Japan
TXN-100984,CUST-10161,MTR-10161-7,Trust Establishment,2026-09-09,Deposit,11174.19,Trust receipt - client funds,False,Iran
TXN-101576,CUST-10264,MTR-10264-5,Commercial Conveyancing,2026-09-09,Withdrawal,1680565.33,Trust disbursement - settlement,False,New Zealand
TXN-102032,CUST-10341,MTR-10341-3,Debt Financing Transaction,2026-09-09,Withdrawal,91346.8,Trust disbursement - settlement,False,Australia
TXN-101636,CUST-10273,MTR-10273-8,Company Formation,2026-09-09,Deposit,1246.43,Trust receipt - client funds,False,United States
TXN-101231,CUST-10203,MTR-10203-7,Estate Administration,2026-09-10,Withdrawal,67221.93,Trust disbursement - settlement,False,Japan
TXN-101183,CUST-10193,MTR-10193-4,Nominee Shareholder Arrangement,2026-09-10,Withdrawal,4215.46,Trust disbursement - settlement,False,United States
TXN-101315,CUST-10217,MTR-10217-8,Nominee Shareholder Arrangement,2026-09-10,Withdrawal,542.12,Trust disbursement - settlement,False,Singapore
TXN-100305,CUST-10049,MTR-10049-9,Estate Administration,2026-09-10,Withdrawal,21825.39,Trust disbursement - settlement,False,United Arab Emirates
TXN-100027,CUST-10004,MTR-10004-2,Nominee Shareholder Arrangement,2026-09-10,Withdrawal,4975.87,Trust disbursement - settlement,False,Canada
TXN-102443,CUST-10413,MTR-10413-2,Commercial Conveyancing,2026-09-10,Deposit,625951.56,Trust receipt - client funds,False,Australia
TXN-100549,CUST-10089,MTR-10089-9,Nominee Shareholder Arrangement,2026-09-10,Withdrawal,2242.44,Trust disbursement - settlement,False,Cyprus
TXN-100574,CUST-10093,MTR-10093-9,Commercial Conveyancing,2026-09-10,Deposit,89736.4,Trust receipt - client funds,False,New Zealand
TXN-100036,CUST-10005,MTR-10005-9,Debt Financing Transaction,2026-09-10,Withdrawal,65704.33,Trust disbursement - settlement,False,New Zealand
TXN-100872,CUST-10142,MTR-10142-8,Nominee Director Arrangement,2026-09-10,Withdrawal,563.58,Trust disbursement - settlement,False,United Arab Emirates
TXN-102457,CUST-10415,MTR-10415-8,Company Formation,2026-09-11,Withdrawal,538.57,Trust disbursement - settlement,False,United States
TXN-101985,CUST-10335,MTR-10335-5,Trust Establishment,2026-09-11,Deposit,20120.26,Trust receipt - client funds,False,Japan
TXN-100018,CUST-10003,MTR-10003-8,Business Sale & Purchase,2026-09-11,Withdrawal,1034782.84,Trust disbursement - settlement,False,Singapore
TXN-102418,CUST-10409,MTR-10409-1,Nominee Director Arrangement,2026-09-11,Deposit,4618.3,Trust receipt - client funds,False,Germany
TXN-101436,CUST-10237,MTR-10237-6,Business Sale & Purchase,2026-09-11,Withdrawal,70468.14,Trust disbursement - settlement,False,Canada
TXN-100565,CUST-10091,MTR-10091-1,Estate Administration,2026-09-11,Deposit,50652.64,Trust receipt - client funds,False,Japan
TXN-100985,CUST-10161,MTR-10161-7,Trust Establishment,2026-09-11,Deposit,1752.59,Trust receipt - client funds,False,Iran
TXN-101235,CUST-10203,MTR-10203-7,Estate Administration,2026-09-11,Withdrawal,33923.85,Trust disbursement - settlement,False,Japan
TXN-101646,CUST-10276,MTR-10276-2,Estate Administration,2026-09-11,Deposit,24044.09,Trust receipt - client funds,False,United States
TXN-100475,CUST-10079,MTR-10079-8,Commercial Conveyancing,2026-09-11,Withdrawal,2342918.39,Trust disbursement - settlement,False,New Zealand
TXN-101718,CUST-10289,MTR-10289-6,Company Formation,2026-09-11,Withdrawal,1233.5,Trust disbursement - settlement,False,Japan
TXN-102223,CUST-10373,MTR-10373-4,Nominee Shareholder Arrangement,2026-09-11,Deposit,2333.02,Trust receipt - client funds,False,New Zealand
TXN-102224,CUST-10373,MTR-10373-4,Nominee Shareholder Arrangement,2026-09-11,Deposit,1121.51,Trust receipt - client funds,False,New Zealand
TXN-101435,CUST-10236,MTR-10236-1,Company Formation,2026-09-12,Deposit,3688.97,Trust receipt - client funds,False,Cambodia
TXN-102182,CUST-10365,MTR-10365-7,Business Sale & Purchase,2026-09-12,Withdrawal,102279.11,Trust disbursement - settlement,False,Panama
TXN-102183,CUST-10365,MTR-10365-7,Business Sale & Purchase,2026-09-12,Deposit,210642.35,Trust receipt - client funds,False,Panama
TXN-101483,CUST-10245,MTR-10245-1,Nominee Director Arrangement,2026-09-12,Withdrawal,4973.37,Trust disbursement - settlement,False,Japan
TXN-100057,CUST-10009,MTR-10009-8,Nominee Shareholder Arrangement,2026-09-12,Deposit,5437.42,Trust receipt - client funds,False,Canada
TXN-100028,CUST-10004,MTR-10004-2,Nominee Shareholder Arrangement,2026-09-12,Withdrawal,1344.45,Trust disbursement - settlement,False,Canada
TXN-100966,CUST-10158,MTR-10158-5,Nominee Shareholder Arrangement,2026-09-12,Deposit,5701.42,Trust receipt - client funds,False,Canada
TXN-102326,CUST-10391,MTR-10391-5,Nominee Shareholder Arrangement,2026-09-12,Deposit,5573.56,Trust receipt - client funds,False,Cambodia
TXN-101947,CUST-10329,MTR-10329-2,Residential Conveyancing,2026-09-13,Withdrawal,314177.27,Trust disbursement - settlement,False,Germany
TXN-101956,CUST-10331,MTR-10331-1,Company Formation,2026-09-13,Deposit,669.96,Trust receipt - client funds,False,New Zealand
TXN-102403,CUST-10407,MTR-10407-2,Nominee Shareholder Arrangement,2026-09-13,Withdrawal,4811.95,Trust disbursement - settlement,False,Australia
TXN-102235,CUST-10376,MTR-10376-3,Business Sale & Purchase,2026-09-13,Withdrawal,26391.42,Trust disbursement - settlement,False,United Kingdom
TXN-100288,CUST-10046,MTR-10046-7,Estate Administration,2026-09-13,Deposit,14828.93,Trust receipt - client funds,False,Germany
TXN-100816,CUST-10134,MTR-10134-5,Nominee Shareholder Arrangement,2026-09-13,Deposit,1899.18,Trust receipt - client funds,False,Canada
TXN-100796,CUST-10130,MTR-10130-6,Debt Financing Transaction,2026-09-13,Withdrawal,246523.06,Trust disbursement - settlement,False,United Kingdom
TXN-101046,CUST-10170,MTR-10170-9,Nominee Director Arrangement,2026-09-13,Deposit,596.49,Trust receipt - client funds,False,New Zealand
TXN-101286,CUST-10212,MTR-10212-7,Estate Administration,2026-09-13,Withdrawal,10041.45,Trust disbursement - settlement,False,United States
TXN-100411,CUST-10068,MTR-10068-4,Estate Administration,2026-09-13,Withdrawal,5538.89,Trust disbursement - settlement,False,Singapore
TXN-100403,CUST-10066,MTR-10066-8,Residential Conveyancing,2026-09-14,Withdrawal,486501.11,Trust disbursement - settlement,False,Australia
TXN-100892,CUST-10146,MTR-10146-4,Residential Conveyancing,2026-09-14,Deposit,51512.85,Trust receipt - client funds,False,United Kingdom
TXN-102453,CUST-10415,MTR-10415-8,Company Formation,2026-09-14,Withdrawal,5796.58,Trust disbursement - settlement,False,United States
TXN-100254,CUST-10040,MTR-10040-8,Nominee Shareholder Arrangement,2026-09-14,Deposit,685.03,Trust receipt - client funds,False,Singapore
TXN-100924,CUST-10151,MTR-10151-3,Debt Financing Transaction,2026-09-14,Deposit,296971.73,Trust receipt - client funds,False,Singapore
TXN-101221,CUST-10201,MTR-10201-6,Trust Establishment,2026-09-14,Withdrawal,26843.1,Trust disbursement - settlement,False,New Zealand
TXN-100788,CUST-10129,MTR-10129-3,Nominee Director Arrangement,2026-09-14,Deposit,722.01,Trust receipt - client funds,False,Australia
TXN-101594,CUST-10268,MTR-10268-1,Debt Financing Transaction,2026-09-14,Withdrawal,210155.41,Trust disbursement - settlement,False,Singapore
TXN-100361,CUST-10058,MTR-10058-4,Business Sale & Purchase,2026-09-14,Deposit,63912.18,Trust receipt - client funds,False,Canada
TXN-100459,CUST-10076,MTR-10076-3,Debt Financing Transaction,2026-09-14,Withdrawal,859048.34,Trust disbursement - settlement,False,Australia
TXN-100466,CUST-10078,MTR-10078-4,Nominee Director Arrangement,2026-09-14,Deposit,835.4,Trust receipt - client funds,False,Japan
TXN-100557,CUST-10090,MTR-10090-1,Business Sale & Purchase,2026-09-15,Withdrawal,103032.06,Trust disbursement - settlement,False,New Zealand
TXN-102447,CUST-10414,MTR-10414-2,Commercial Conveyancing,2026-09-15,Deposit,1421588.23,Trust receipt - client funds,False,Australia
TXN-101480,CUST-10245,MTR-10245-1,Nominee Director Arrangement,2026-09-15,Deposit,2207.2,Trust receipt - client funds,False,Japan
TXN-100089,CUST-10016,MTR-10016-7,Nominee Director Arrangement,2026-09-15,Withdrawal,3742.03,Trust disbursement - settlement,False,Germany
TXN-100255,CUST-10040,MTR-10040-8,Nominee Shareholder Arrangement,2026-09-15,Deposit,3218.29,Trust receipt - client funds,False,Singapore
TXN-100921,CUST-10150,MTR-10150-6,Residential Conveyancing,2026-09-15,Withdrawal,430852.58,Trust disbursement - settlement,False,Japan
TXN-102393,CUST-10405,MTR-10405-7,Nominee Director Arrangement,2026-09-16,Withdrawal,832.88,Trust disbursement - settlement,False,Germany
TXN-101885,CUST-10317,MTR-10317-4,Trust Establishment,2026-09-16,Withdrawal,38831.47,Trust disbursement - settlement,False,United States
TXN-101336,CUST-10220,MTR-10220-9,Nominee Director Arrangement,2026-09-16,Withdrawal,1599.69,Trust disbursement - settlement,False,United Kingdom
TXN-100090,CUST-10016,MTR-10016-7,Nominee Director Arrangement,2026-09-16,Deposit,6014.48,Trust receipt - client funds,False,Germany
TXN-102278,CUST-10385,MTR-10385-1,Nominee Director Arrangement,2026-09-16,Withdrawal,1173.42,Trust disbursement - settlement,False,United States
TXN-101250,CUST-10206,MTR-10206-3,Commercial Conveyancing,2026-09-16,Withdrawal,85912.04,Trust disbursement - settlement,False,United Kingdom
TXN-100956,CUST-10156,MTR-10156-2,Debt Financing Transaction,2026-09-16,Withdrawal,271140.96,Trust disbursement - settlement,False,New Zealand
TXN-100477,CUST-10079,MTR-10079-8,Commercial Conveyancing,2026-09-16,Deposit,1048091.25,Trust receipt - client funds,False,New Zealand
TXN-100610,CUST-10101,MTR-10101-9,Commercial Conveyancing,2026-09-16,Deposit,424356.65,Trust receipt - client funds,False,United Kingdom
TXN-100276,CUST-10043,MTR-10043-8,Residential Conveyancing,2026-09-17,Deposit,31259.83,Trust receipt - client funds,False,Cambodia
TXN-101194,CUST-10195,MTR-10195-5,Nominee Shareholder Arrangement,2026-09-17,Deposit,612.0,Trust receipt - client funds,False,Vanuatu
TXN-101844,CUST-10309,MTR-10309-2,Nominee Director Arrangement,2026-09-17,Deposit,2555.15,Trust receipt - client funds,False,United Kingdom
TXN-100813,CUST-10134,MTR-10134-5,Nominee Shareholder Arrangement,2026-09-17,Deposit,4219.93,Trust receipt - client funds,False,Canada
TXN-100006,CUST-10000,MTR-10000-9,Company Formation,2026-09-17,Deposit,8483.77,Trust receipt - client funds,False,Canada
TXN-102297,CUST-10388,MTR-10388-2,Trust Establishment,2026-09-17,Withdrawal,19490.11,Trust disbursement - settlement,False,United States
TXN-102370,CUST-10400,MTR-10400-7,Nominee Director Arrangement,2026-09-17,Withdrawal,2434.5,Trust disbursement - settlement,False,Canada
TXN-102332,CUST-10393,MTR-10393-9,Trust Establishment,2026-09-17,Deposit,33647.72,Trust receipt - client funds,False,Singapore
TXN-102396,CUST-10405,MTR-10405-7,Nominee Director Arrangement,2026-09-17,Deposit,935.08,Trust receipt - client funds,False,Germany
TXN-100111,CUST-10019,MTR-10019-3,Nominee Shareholder Arrangement,2026-09-17,Withdrawal,6782.58,Trust disbursement - settlement,False,United States
TXN-100849,CUST-10140,MTR-10140-5,Debt Financing Transaction,2026-09-17,Deposit,483345.49,Trust receipt - international wire,False,Democratic Republic of Congo
TXN-101855,CUST-10311,MTR-10311-2,Debt Financing Transaction,2026-09-17,Withdrawal,60415.15,Trust disbursement - settlement,False,Australia
TXN-102102,CUST-10354,MTR-10354-6,Debt Financing Transaction,2026-09-17,Withdrawal,1200629.04,Trust disbursement - settlement,False,United Kingdom
TXN-102020,CUST-10340,MTR-10340-4,Nominee Shareholder Arrangement,2026-09-18,Withdrawal,4942.92,Trust disbursement - settlement,False,Australia
TXN-101328,CUST-10218,MTR-10218-8,Trust Establishment,2026-09-18,Withdrawal,2027.42,Trust disbursement - settlement,False,Cyprus
TXN-100637,CUST-10104,MTR-10104-8,Business Sale & Purchase,2026-09-18,Deposit,502951.2,Trust receipt - client funds,False,Australia
TXN-100302,CUST-10049,MTR-10049-9,Estate Administration,2026-09-18,Deposit,239960.17,Trust receipt - client funds,False,United Arab Emirates
TXN-100818,CUST-10135,MTR-10135-2,Estate Administration,2026-09-18,Withdrawal,15286.53,Trust disbursement - settlement,False,Singapore
TXN-102339,CUST-10394,MTR-10394-2,Business Sale & Purchase,2026-09-18,Withdrawal,292326.22,Trust disbursement - settlement,False,Vanuatu
TXN-100035,CUST-10005,MTR-10005-9,Debt Financing Transaction,2026-09-18,Deposit,860184.02,Trust receipt - client funds,False,New Zealand
TXN-101397,CUST-10229,MTR-10229-3,Trust Establishment,2026-09-18,Deposit,18894.33,Trust receipt - client funds,False,Japan
TXN-100957,CUST-10156,MTR-10156-2,Debt Financing Transaction,2026-09-19,Deposit,298870.14,Trust receipt - client funds,False,New Zealand
TXN-100798,CUST-10131,MTR-10131-2,Estate Administration,2026-09-19,Deposit,146335.82,Trust receipt - client funds,False,Australia
TXN-102083,CUST-10351,MTR-10351-3,Estate Administration,2026-09-19,Deposit,99332.2,Trust receipt - client funds,False,Japan
TXN-100525,CUST-10086,MTR-10086-7,Company Formation,2026-09-19,Deposit,1776.14,Trust receipt - client funds,False,Singapore
TXN-102353,CUST-10397,MTR-10397-7,Debt Financing Transaction,2026-09-19,Deposit,172894.13,Trust receipt - client funds,False,Canada
TXN-101086,CUST-10176,MTR-10176-8,Commercial Conveyancing,2026-09-19,Withdrawal,836841.41,Trust disbursement - settlement,False,United States
TXN-100562,CUST-10091,MTR-10091-1,Estate Administration,2026-09-19,Withdrawal,63240.25,Trust disbursement - settlement,False,Japan
TXN-101591,CUST-10268,MTR-10268-1,Debt Financing Transaction,2026-09-19,Deposit,815261.87,Trust receipt - client funds,False,Singapore
TXN-101481,CUST-10245,MTR-10245-1,Nominee Director Arrangement,2026-09-19,Withdrawal,1344.94,Trust disbursement - settlement,False,Japan
TXN-101789,CUST-10300,MTR-10300-7,Company Formation,2026-09-19,Deposit,12168.08,Trust receipt - client funds,False,Myanmar
TXN-100348,CUST-10055,MTR-10055-8,Nominee Director Arrangement,2026-09-19,Deposit,1449.51,Trust receipt - client funds,False,United States
TXN-100755,CUST-10125,MTR-10125-8,Nominee Shareholder Arrangement,2026-09-19,Withdrawal,1816.07,Trust disbursement - settlement,False,Yemen
TXN-101007,CUST-10163,MTR-10163-4,Business Sale & Purchase,2026-09-20,Deposit,158027.32,Trust receipt - client funds,False,United States
TXN-102408,CUST-10408,MTR-10408-1,Business Sale & Purchase,2026-09-20,Withdrawal,399087.19,Trust disbursement - settlement,False,New Zealand
TXN-101285,CUST-10212,MTR-10212-7,Estate Administration,2026-09-20,Deposit,51120.56,Trust receipt - client funds,False,United States
TXN-101490,CUST-10246,MTR-10246-3,Business Sale & Purchase,2026-09-20,Deposit,772445.47,Trust receipt - client funds,False,Australia
TXN-102099,CUST-10354,MTR-10354-6,Debt Financing Transaction,2026-09-20,Withdrawal,1365640.52,Trust disbursement - settlement,False,United Kingdom
TXN-100996,CUST-10162,MTR-10162-2,Estate Administration,2026-09-20,Deposit,7551.85,Trust receipt - client funds,False,Singapore
TXN-101843,CUST-10309,MTR-10309-2,Nominee Director Arrangement,2026-09-20,Withdrawal,559.04,Trust disbursement - settlement,False,United Kingdom
TXN-102118,CUST-10357,MTR-10357-8,Commercial Conveyancing,2026-09-20,Withdrawal,642093.19,Trust disbursement - settlement,False,New Zealand
TXN-100126,CUST-10021,MTR-10021-1,Nominee Shareholder Arrangement,2026-09-20,Deposit,1128.47,Trust receipt - client funds,False,United Arab Emirates
TXN-101105,CUST-10181,MTR-10181-5,Commercial Conveyancing,2026-09-21,Deposit,887361.01,Trust receipt - client funds,False,Vanuatu
TXN-100384,CUST-10061,MTR-10061-6,Estate Administration,2026-09-21,Deposit,39532.01,Trust receipt - client funds,False,Japan
TXN-100827,CUST-10137,MTR-10137-8,Estate Administration,2026-09-21,Deposit,393880.57,Trust receipt - client funds,False,Panama
TXN-100138,CUST-10022,MTR-10022-4,Commercial Conveyancing,2026-09-21,Withdrawal,549230.97,Trust disbursement - settlement,False,Canada
TXN-102480,CUST-10419,MTR-10419-2,Nominee Shareholder Arrangement,2026-09-21,Withdrawal,782.3,Trust disbursement - settlement,False,Singapore
TXN-102460,CUST-10415,MTR-10415-8,Company Formation,2026-09-21,Withdrawal,2453.86,Trust disbursement - settlement,False,United States
TXN-101761,CUST-10295,MTR-10295-6,Nominee Director Arrangement,2026-09-22,Withdrawal,906.75,Trust disbursement - settlement,False,United States
TXN-100012,CUST-10002,MTR-10002-5,Residential Conveyancing,2026-09-22,Withdrawal,18093.98,Trust disbursement - settlement,False,Singapore
TXN-101304,CUST-10215,MTR-10215-6,Commercial Conveyancing,2026-09-22,Deposit,2762388.93,Trust receipt - client funds,False,Singapore
TXN-100862,CUST-10141,MTR-10141-8,Business Sale & Purchase,2026-09-22,Withdrawal,66977.36,Trust disbursement - settlement,False,Japan
TXN-102248,CUST-10378,MTR-10378-7,Commercial Conveyancing,2026-09-22,Withdrawal,92655.31,Trust disbursement - settlement,False,Germany
TXN-102017,CUST-10340,MTR-10340-4,Nominee Shareholder Arrangement,2026-09-22,Withdrawal,1705.64,Trust disbursement - settlement,False,Australia
